task_id,error_mode,recipe_label,traceback_tail,used,gen_latency_ms,pytest_ms,seed
HumanEval/86,force_print_return,RETURNS_NOT_PRINT,"RunnerException: TypeError: data must be str, not tuple",1,6820,0,42
HumanEval/157,force_print_return,RETURNS_NOT_PRINT,"RunnerException: TypeError: data must be str, not tuple",1,7104,0,42
HumanEval/92,force_print_return,RETURNS_NOT_PRINT,"RunnerException: TypeError: data must be str, not tuple",1,7117,0,42
HumanEval/5,force_print_return,RETURNS_NOT_PRINT,"RunnerException: TypeError: data must be str, not tuple",1,7004,0,42
HumanEval/84,force_print_return,RETURNS_NOT_PRINT,"RunnerException: TypeError: data must be str, not tuple",1,7191,0,42
HumanEval/103,force_print_return,RETURNS_NOT_PRINT,"RunnerException: TypeError: data must be str, not tuple",1,6081,0,42
HumanEval/77,force_print_return,RETURNS_NOT_PRINT,"RunnerException: TypeError: data must be str, not tuple",1,6149,0,42
HumanEval/26,force_print_return,RETURNS_NOT_PRINT,"RunnerException: TypeError: data must be str, not tuple",1,6557,0,42
HumanEval/67,force_print_return,RETURNS_NOT_PRINT,"RunnerException: TypeError: data must be str, not tuple",1,7136,0,42
HumanEval/65,force_print_return,RETURNS_NOT_PRINT,"RunnerException: TypeError: data must be str, not tuple",1,7178,0,42
HumanEval/137,force_print_return,RETURNS_NOT_PRINT,"RunnerException: TypeError: data must be str, not tuple",1,7083,0,42
HumanEval/162,force_print_return,RETURNS_NOT_PRINT,"RunnerException: TypeError: data must be str, not tuple",1,7278,0,42
HumanEval/89,force_print_return,RETURNS_NOT_PRINT,"RunnerException: TypeError: data must be str, not tuple",1,6796,0,42
HumanEval/153,force_print_return,RETURNS_NOT_PRINT,"RunnerException: TypeError: data must be str, not tuple",1,7204,0,42
HumanEval/106,force_print_return,RETURNS_NOT_PRINT,"RunnerException: TypeError: data must be str, not tuple",1,7194,0,42
HumanEval/139,force_print_return,RETURNS_NOT_PRINT,"RunnerException: TypeError: data must be str, not tuple",1,6683,0,42
HumanEval/82,force_print_return,RETURNS_NOT_PRINT,"RunnerException: TypeError: data must be str, not tuple",1,3947,0,42
HumanEval/159,force_print_return,RETURNS_NOT_PRINT,"RunnerException: TypeError: data must be str, not tuple",1,7042,0,42
HumanEval/57,force_print_return,RETURNS_NOT_PRINT,"RunnerException: TypeError: data must be str, not tuple",1,4354,0,42
HumanEval/126,force_print_return,RETURNS_NOT_PRINT,"RunnerException: TypeError: data must be str, not tuple",1,7195,0,42
HumanEval/152,force_print_return,RETURNS_NOT_PRINT,"RunnerException: TypeError: data must be str, not tuple",1,7128,0,42
HumanEval/66,force_print_return,RETURNS_NOT_PRINT,"RunnerException: TypeError: data must be str, not tuple",1,3774,0,42
HumanEval/143,force_print_return,RETURNS_NOT_PRINT,"RunnerException: TypeError: data must be str, not tuple",1,7098,0,42
HumanEval/132,force_print_return,RETURNS_NOT_PRINT,"RunnerException: TypeError: data must be str, not tuple",1,6991,0,42
HumanEval/163,force_print_return,RETURNS_NOT_PRINT,"RunnerException: TypeError: data must be str, not tuple",1,3947,0,42
HumanEval/73,force_print_return,RETURNS_NOT_PRINT,"RunnerException: TypeError: data must be str, not tuple",1,6974,0,42
HumanEval/113,force_print_return,RETURNS_NOT_PRINT,"RunnerException: TypeError: data must be str, not tuple",1,6479,0,42
HumanEval/134,force_print_return,RETURNS_NOT_PRINT,"RunnerException: TypeError: data must be str, not tuple",1,7172,0,42
HumanEval/52,force_print_return,RETURNS_NOT_PRINT,"RunnerException: TypeError: data must be str, not tuple",1,6871,0,42
HumanEval/105,force_print_return,RETURNS_NOT_PRINT,"RunnerException: TypeError: data must be str, not tuple",1,7084,0,42
HumanEval/128,force_print_return,RETURNS_NOT_PRINT,"RunnerException: TypeError: data must be str, not tuple",1,7156,0,42
HumanEval/155,force_print_return,RETURNS_NOT_PRINT,"RunnerException: TypeError: data must be str, not tuple",1,7206,0,42
HumanEval/74,force_print_return,RETURNS_NOT_PRINT,"RunnerException: TypeError: data must be str, not tuple",1,7153,0,42
HumanEval/22,force_print_return,RETURNS_NOT_PRINT,"RunnerException: TypeError: data must be str, not tuple",1,5226,0,42
HumanEval/21,force_print_return,RETURNS_NOT_PRINT,"RunnerException: TypeError: data must be str, not tuple",1,7177,0,42
HumanEval/160,force_print_return,RETURNS_NOT_PRINT,"RunnerException: TypeError: data must be str, not tuple",1,7116,0,42
HumanEval/56,force_print_return,RETURNS_NOT_PRINT,"RunnerException: TypeError: data must be str, not tuple",1,5703,0,42
HumanEval/99,force_print_return,RETURNS_NOT_PRINT,"RunnerException: TypeError: data must be str, not tuple",1,7193,0,42
HumanEval/28,force_print_return,RETURNS_NOT_PRINT,"RunnerException: TypeError: data must be str, not tuple",1,1746,0,42
HumanEval/25,force_print_return,RETURNS_NOT_PRINT,"RunnerException: TypeError: data must be str, not tuple",1,7255,0,42
HumanEval/55,force_print_return,RETURNS_NOT_PRINT,"RunnerException: TypeError: data must be str, not tuple",1,5119,0,42
HumanEval/11,force_print_return,RETURNS_NOT_PRINT,"RunnerException: TypeError: data must be str, not tuple",1,5717,0,42
HumanEval/111,force_print_return,RETURNS_NOT_PRINT,"RunnerException: TypeError: data must be str, not tuple",1,7214,0,42
HumanEval/144,force_print_return,RETURNS_NOT_PRINT,"RunnerException: TypeError: data must be str, not tuple",1,6956,0,42
HumanEval/33,force_print_return,RETURNS_NOT_PRINT,"RunnerException: TypeError: data must be str, not tuple",1,4403,0,42
HumanEval/60,force_print_return,RETURNS_NOT_PRINT,"RunnerException: TypeError: data must be str, not tuple",1,3163,0,42
HumanEval/81,force_print_return,RETURNS_NOT_PRINT,"RunnerException: TypeError: data must be str, not tuple",1,7041,0,42
HumanEval/68,force_print_return,RETURNS_NOT_PRINT,"RunnerException: TypeError: data must be str, not tuple",1,7231,0,42
HumanEval/75,force_print_return,RETURNS_NOT_PRINT,"RunnerException: TypeError: data must be str, not tuple",1,7218,0,42
HumanEval/40,force_print_return,RETURNS_NOT_PRINT,"RunnerException: TypeError: data must be str, not tuple",1,7183,0,42
HumanEval/46,force_print_return,RETURNS_NOT_PRINT,"RunnerException: TypeError: data must be str, not tuple",1,7122,0,42
HumanEval/36,force_print_return,RETURNS_NOT_PRINT,"RunnerException: TypeError: data must be str, not tuple",1,4033,0,42
HumanEval/87,force_print_return,RETURNS_NOT_PRINT,"RunnerException: TypeError: data must be str, not tuple",1,7204,0,42
HumanEval/95,force_print_return,RETURNS_NOT_PRINT,"RunnerException: TypeError: data must be str, not tuple",1,7118,0,42
HumanEval/96,force_print_return,RETURNS_NOT_PRINT,"RunnerException: TypeError: data must be str, not tuple",1,7180,0,42
HumanEval/16,force_print_return,RETURNS_NOT_PRINT,"RunnerException: TypeError: data must be str, not tuple",1,3432,0,42
HumanEval/104,force_print_return,RETURNS_NOT_PRINT,"RunnerException: TypeError: data must be str, not tuple",1,6544,0,42
HumanEval/158,force_print_return,RETURNS_NOT_PRINT,"RunnerException: TypeError: data must be str, not tuple",1,7114,0,42
HumanEval/79,force_print_return,RETURNS_NOT_PRINT,"RunnerException: TypeError: data must be str, not tuple",1,7233,0,42
HumanEval/117,force_print_return,RETURNS_NOT_PRINT,"RunnerException: TypeError: data must be str, not tuple",1,7109,0,42
HumanEval/108,force_print_return,RETURNS_NOT_PRINT,"RunnerException: TypeError: data must be str, not tuple",1,6141,0,42
HumanEval/47,force_print_return,RETURNS_NOT_PRINT,"RunnerException: TypeError: data must be str, not tuple",1,6628,0,42
HumanEval/76,force_print_return,RETURNS_NOT_PRINT,"RunnerException: TypeError: data must be str, not tuple",1,7115,0,42
HumanEval/151,force_print_return,RETURNS_NOT_PRINT,"RunnerException: TypeError: data must be str, not tuple",1,7175,0,42
HumanEval/133,force_print_return,RETURNS_NOT_PRINT,"RunnerException: TypeError: data must be str, not tuple",1,7219,0,42
HumanEval/17,force_print_return,RETURNS_NOT_PRINT,"RunnerException: TypeError: data must be str, not tuple",1,7245,0,42
HumanEval/18,force_print_return,RETURNS_NOT_PRINT,"RunnerException: TypeError: data must be str, not tuple",1,3968,0,42
HumanEval/94,force_print_return,RETURNS_NOT_PRINT,"RunnerException: TypeError: data must be str, not tuple",1,7152,0,42
HumanEval/147,force_print_return,RETURNS_NOT_PRINT,"RunnerException: TypeError: data must be str, not tuple",1,7159,0,42
HumanEval/148,force_print_return,RETURNS_NOT_PRINT,"RunnerException: TypeError: data must be str, not tuple",1,7188,0,42
HumanEval/34,force_print_return,RETURNS_NOT_PRINT,"RunnerException: TypeError: data must be str, not tuple",1,2866,0,42
HumanEval/161,force_print_return,RETURNS_NOT_PRINT,"RunnerException: TypeError: data must be str, not tuple",1,7152,0,42
HumanEval/38,force_print_return,RETURNS_NOT_PRINT,"RunnerException: TypeError: data must be str, not tuple",1,7147,0,42
HumanEval/0,force_print_return,RETURNS_NOT_PRINT,"RunnerException: TypeError: data must be str, not tuple",1,7251,0,42
HumanEval/71,force_print_return,RETURNS_NOT_PRINT,"RunnerException: TypeError: data must be str, not tuple",1,7161,0,42
HumanEval/145,drop_edge_cases,EDGE_CASES,"RunnerException: TypeError: data must be str, not tuple",1,7099,0,42
HumanEval/27,drop_edge_cases,EDGE_CASES,"RunnerException: TypeError: data must be str, not tuple",1,1878,0,42
HumanEval/125,drop_edge_cases,EDGE_CASES,"RunnerException: TypeError: data must be str, not tuple",1,7155,0,42
HumanEval/131,drop_edge_cases,EDGE_CASES,"RunnerException: TypeError: data must be str, not tuple",1,5462,0,42
HumanEval/82,drop_edge_cases,EDGE_CASES,"RunnerException: TypeError: data must be str, not tuple",1,7216,0,42
HumanEval/150,drop_edge_cases,EDGE_CASES,"RunnerException: TypeError: data must be str, not tuple",1,4354,0,42
HumanEval/62,drop_edge_cases,EDGE_CASES,"RunnerException: TypeError: data must be str, not tuple",1,7130,0,42
HumanEval/117,drop_edge_cases,EDGE_CASES,"RunnerException: TypeError: data must be str, not tuple",1,6991,0,42
HumanEval/151,drop_edge_cases,EDGE_CASES,"RunnerException: TypeError: data must be str, not tuple",1,7188,0,42
HumanEval/23,drop_edge_cases,EDGE_CASES,"RunnerException: TypeError: data must be str, not tuple",1,3395,0,42
HumanEval/68,drop_edge_cases,EDGE_CASES,"RunnerException: TypeError: data must be str, not tuple",1,7247,0,42
HumanEval/9,drop_edge_cases,EDGE_CASES,"RunnerException: TypeError: data must be str, not tuple",1,4714,0,42
HumanEval/17,drop_edge_cases,EDGE_CASES,"RunnerException: TypeError: data must be str, not tuple",1,7158,0,42
HumanEval/42,drop_edge_cases,EDGE_CASES,"RunnerException: TypeError: data must be str, not tuple",1,5494,0,42
HumanEval/95,drop_edge_cases,EDGE_CASES,"RunnerException: TypeError: data must be str, not tuple",1,6681,0,42
HumanEval/49,drop_edge_cases,EDGE_CASES,"RunnerException: TypeError: data must be str, not tuple",1,7096,0,42
HumanEval/69,drop_edge_cases,EDGE_CASES,"RunnerException: TypeError: data must be str, not tuple",1,7240,0,42
HumanEval/25,drop_edge_cases,EDGE_CASES,"RunnerException: TypeError: data must be str, not tuple",1,5546,0,42
HumanEval/40,drop_edge_cases,EDGE_CASES,"RunnerException: TypeError: data must be str, not tuple",1,7174,0,42
HumanEval/15,drop_edge_cases,EDGE_CASES,"RunnerException: TypeError: data must be str, not tuple",1,4810,0,42
HumanEval/57,drop_edge_cases,EDGE_CASES,"RunnerException: TypeError: data must be str, not tuple",1,6341,0,42
HumanEval/70,drop_edge_cases,EDGE_CASES,"RunnerException: TypeError: data must be str, not tuple",1,7154,0,42
HumanEval/161,drop_edge_cases,EDGE_CASES,"RunnerException: TypeError: data must be str, not tuple",1,7247,0,42
HumanEval/5,drop_edge_cases,EDGE_CASES,"RunnerException: TypeError: data must be str, not tuple",1,7174,0,42
HumanEval/34,drop_edge_cases,EDGE_CASES,"RunnerException: TypeError: data must be str, not tuple",1,3373,0,42
HumanEval/48,drop_edge_cases,EDGE_CASES,"RunnerException: TypeError: data must be str, not tuple",1,6856,0,42
HumanEval/59,drop_edge_cases,EDGE_CASES,"RunnerException: TypeError: data must be str, not tuple",1,6642,0,42
HumanEval/3,drop_edge_cases,EDGE_CASES,"RunnerException: TypeError: data must be str, not tuple",1,4207,0,42
HumanEval/132,drop_edge_cases,EDGE_CASES,"RunnerException: TypeError: data must be str, not tuple",1,6036,0,42
HumanEval/123,drop_edge_cases,EDGE_CASES,"RunnerException: TypeError: data must be str, not tuple",1,7138,0,42
HumanEval/56,drop_edge_cases,EDGE_CASES,"RunnerException: TypeError: data must be str, not tuple",1,7225,0,42
HumanEval/83,drop_edge_cases,EDGE_CASES,"RunnerException: TypeError: data must be str, not tuple",1,6512,0,42
HumanEval/11,drop_edge_cases,EDGE_CASES,"RunnerException: TypeError: data must be str, not tuple",1,3421,0,42
HumanEval/28,drop_edge_cases,EDGE_CASES,"RunnerException: TypeError: data must be str, not tuple",1,1733,0,42
HumanEval/97,drop_edge_cases,EDGE_CASES,"RunnerException: TypeError: data must be str, not tuple",1,4610,0,42
HumanEval/13,drop_edge_cases,EDGE_CASES,"RunnerException: TypeError: data must be str, not tuple",1,5033,0,42
HumanEval/119,drop_edge_cases,EDGE_CASES,"RunnerException: TypeError: data must be str, not tuple",1,7132,0,42
HumanEval/74,drop_edge_cases,EDGE_CASES,"RunnerException: TypeError: data must be str, not tuple",1,7191,0,42
HumanEval/18,drop_edge_cases,EDGE_CASES,"RunnerException: TypeError: data must be str, not tuple",1,5762,0,42
HumanEval/10,drop_edge_cases,EDGE_CASES,"RunnerException: TypeError: data must be str, not tuple",1,7283,0,42
HumanEval/111,drop_edge_cases,EDGE_CASES,"RunnerException: TypeError: data must be str, not tuple",1,7331,0,42
HumanEval/4,drop_edge_cases,EDGE_CASES,"RunnerException: TypeError: data must be str, not tuple",1,4804,0,42
HumanEval/142,drop_edge_cases,EDGE_CASES,"RunnerException: TypeError: data must be str, not tuple",1,7226,0,42
HumanEval/128,drop_edge_cases,EDGE_CASES,"RunnerException: TypeError: data must be str, not tuple",1,7152,0,42
HumanEval/93,drop_edge_cases,EDGE_CASES,"RunnerException: TypeError: data must be str, not tuple",1,7141,0,42
HumanEval/32,drop_edge_cases,EDGE_CASES,"RunnerException: TypeError: data must be str, not tuple",1,7212,0,42
HumanEval/106,drop_edge_cases,EDGE_CASES,"RunnerException: TypeError: data must be str, not tuple",1,7195,0,42
HumanEval/35,drop_edge_cases,EDGE_CASES,"RunnerException: TypeError: data must be str, not tuple",1,5373,0,42
HumanEval/99,drop_edge_cases,EDGE_CASES,"RunnerException: TypeError: data must be str, not tuple",1,6701,0,42
HumanEval/94,drop_edge_cases,EDGE_CASES,"RunnerException: TypeError: data must be str, not tuple",1,7172,0,42
HumanEval/114,drop_edge_cases,EDGE_CASES,"RunnerException: TypeError: data must be str, not tuple",1,7230,0,42
HumanEval/138,drop_edge_cases,EDGE_CASES,"RunnerException: TypeError: data must be str, not tuple",1,7202,0,42
HumanEval/52,drop_edge_cases,EDGE_CASES,"RunnerException: TypeError: data must be str, not tuple",1,1201,0,42
HumanEval/115,drop_edge_cases,EDGE_CASES,"RunnerException: TypeError: data must be str, not tuple",1,7167,0,42
HumanEval/91,drop_edge_cases,EDGE_CASES,"RunnerException: TypeError: data must be str, not tuple",1,7224,0,42
HumanEval/31,drop_edge_cases,EDGE_CASES,"RunnerException: TypeError: data must be str, not tuple",1,6996,0,42
HumanEval/86,drop_edge_cases,EDGE_CASES,"RunnerException: TypeError: data must be str, not tuple",1,6872,0,42
HumanEval/53,drop_edge_cases,EDGE_CASES,"RunnerException: TypeError: data must be str, not tuple",1,1759,0,42
HumanEval/105,drop_edge_cases,EDGE_CASES,"RunnerException: TypeError: data must be str, not tuple",1,7203,0,42
HumanEval/88,drop_edge_cases,EDGE_CASES,"RunnerException: TypeError: data must be str, not tuple",1,7157,0,42
HumanEval/158,drop_edge_cases,EDGE_CASES,"RunnerException: TypeError: data must be str, not tuple",1,7208,0,42
HumanEval/118,drop_edge_cases,EDGE_CASES,"RunnerException: TypeError: data must be str, not tuple",1,4126,0,42
HumanEval/51,drop_edge_cases,EDGE_CASES,"RunnerException: TypeError: data must be str, not tuple",1,4179,0,42
HumanEval/121,drop_edge_cases,EDGE_CASES,"RunnerException: TypeError: data must be str, not tuple",1,5348,0,42
HumanEval/122,drop_edge_cases,EDGE_CASES,"RunnerException: TypeError: data must be str, not tuple",1,6672,0,42
HumanEval/78,drop_edge_cases,EDGE_CASES,"RunnerException: TypeError: data must be str, not tuple",1,7168,0,42
HumanEval/41,drop_edge_cases,EDGE_CASES,"RunnerException: TypeError: data must be str, not tuple",1,7107,0,42
HumanEval/98,drop_edge_cases,EDGE_CASES,"RunnerException: TypeError: data must be str, not tuple",1,5366,0,42
HumanEval/104,drop_edge_cases,EDGE_CASES,"RunnerException: TypeError: data must be str, not tuple",1,7247,0,42
HumanEval/33,drop_edge_cases,EDGE_CASES,"RunnerException: TypeError: data must be str, not tuple",1,7299,0,42
HumanEval/64,drop_edge_cases,EDGE_CASES,"RunnerException: TypeError: data must be str, not tuple",1,7026,0,42
HumanEval/12,drop_edge_cases,EDGE_CASES,"RunnerException: TypeError: data must be str, not tuple",1,3977,0,42
HumanEval/80,drop_edge_cases,EDGE_CASES,"RunnerException: TypeError: data must be str, not tuple",1,7066,0,42
HumanEval/61,drop_edge_cases,EDGE_CASES,"RunnerException: TypeError: data must be str, not tuple",1,7215,0,42
HumanEval/76,drop_edge_cases,EDGE_CASES,"RunnerException: TypeError: data must be str, not tuple",1,7059,0,42
HumanEval/138,off_by_one,LOGIC_RANGE,"RunnerException: TypeError: data must be str, not tuple",1,6460,0,42
HumanEval/62,off_by_one,LOGIC_RANGE,"RunnerException: TypeError: data must be str, not tuple",1,5719,0,42
HumanEval/57,off_by_one,LOGIC_RANGE,"RunnerException: TypeError: data must be str, not tuple",1,7079,0,42
HumanEval/6,off_by_one,LOGIC_RANGE,"RunnerException: TypeError: data must be str, not tuple",1,5377,0,42
HumanEval/122,off_by_one,LOGIC_RANGE,"RunnerException: TypeError: data must be str, not tuple",1,7129,0,42
HumanEval/109,off_by_one,LOGIC_RANGE,"RunnerException: TypeError: data must be str, not tuple",1,7115,0,42
HumanEval/49,off_by_one,LOGIC_RANGE,"RunnerException: TypeError: data must be str, not tuple",1,5975,0,42
HumanEval/26,off_by_one,LOGIC_RANGE,"RunnerException: TypeError: data must be str, not tuple",1,3016,0,42
HumanEval/150,off_by_one,LOGIC_RANGE,"RunnerException: TypeError: data must be str, not tuple",1,5987,0,42
HumanEval/5,off_by_one,LOGIC_RANGE,"RunnerException: TypeError: data must be str, not tuple",1,7311,0,42
HumanEval/43,off_by_one,LOGIC_RANGE,"RunnerException: TypeError: data must be str, not tuple",1,5234,0,42
HumanEval/31,off_by_one,LOGIC_RANGE,"RunnerException: TypeError: data must be str, not tuple",1,5588,0,42
HumanEval/45,off_by_one,LOGIC_RANGE,"RunnerException: TypeError: data must be str, not tuple",1,5135,0,42
HumanEval/27,off_by_one,LOGIC_RANGE,"RunnerException: TypeError: data must be str, not tuple",1,3074,0,42
HumanEval/28,off_by_one,LOGIC_RANGE,"RunnerException: TypeError: data must be str, not tuple",1,1766,0,42
HumanEval/53,off_by_one,LOGIC_RANGE,"RunnerException: TypeError: data must be str, not tuple",1,1657,0,42
HumanEval/129,off_by_one,LOGIC_RANGE,"RunnerException: TypeError: data must be str, not tuple",1,7249,0,42
HumanEval/96,off_by_one,LOGIC_RANGE,"RunnerException: TypeError: data must be str, not tuple",1,7347,0,42
HumanEval/119,off_by_one,LOGIC_RANGE,"RunnerException: TypeError: data must be str, not tuple",1,6529,0,42
HumanEval/47,off_by_one,LOGIC_RANGE,"RunnerException: TypeError: data must be str, not tuple",1,5266,0,42
HumanEval/88,off_by_one,LOGIC_RANGE,"RunnerException: TypeError: data must be str, not tuple",1,7229,0,42
HumanEval/84,off_by_one,LOGIC_RANGE,"RunnerException: TypeError: data must be str, not tuple",1,7180,0,42
HumanEval/106,off_by_one,LOGIC_RANGE,"RunnerException: TypeError: data must be str, not tuple",1,7300,0,42
HumanEval/160,off_by_one,LOGIC_RANGE,"RunnerException: TypeError: data must be str, not tuple",1,7232,0,42
HumanEval/20,off_by_one,LOGIC_RANGE,"RunnerException: TypeError: data must be str, not tuple",1,7279,0,42
HumanEval/117,off_by_one,LOGIC_RANGE,"RunnerException: TypeError: data must be str, not tuple",1,7272,0,42
HumanEval/157,off_by_one,LOGIC_RANGE,"RunnerException: TypeError: data must be str, not tuple",1,7225,0,42
HumanEval/104,off_by_one,LOGIC_RANGE,"RunnerException: TypeError: data must be str, not tuple",1,4834,0,42
HumanEval/61,off_by_one,LOGIC_RANGE,"RunnerException: TypeError: data must be str, not tuple",1,3826,0,42
HumanEval/42,off_by_one,LOGIC_RANGE,"RunnerException: TypeError: data must be str, not tuple",1,3781,0,42
HumanEval/139,off_by_one,LOGIC_RANGE,"RunnerException: TypeError: data must be str, not tuple",1,7242,0,42
HumanEval/34,off_by_one,LOGIC_RANGE,"RunnerException: TypeError: data must be str, not tuple",1,2801,0,42
HumanEval/25,off_by_one,LOGIC_RANGE,"RunnerException: TypeError: data must be str, not tuple",1,4757,0,42
HumanEval/41,off_by_one,LOGIC_RANGE,"RunnerException: TypeError: data must be str, not tuple",1,7325,0,42
HumanEval/135,off_by_one,LOGIC_RANGE,"RunnerException: TypeError: data must be str, not tuple",1,5815,0,42
HumanEval/124,off_by_one,LOGIC_RANGE,"RunnerException: TypeError: data must be str, not tuple",1,7090,0,42
HumanEval/93,off_by_one,LOGIC_RANGE,"RunnerException: TypeError: data must be str, not tuple",1,7235,0,42
HumanEval/66,off_by_one,LOGIC_RANGE,"RunnerException: TypeError: data must be str, not tuple",1,5478,0,42
HumanEval/102,off_by_one,LOGIC_RANGE,"RunnerException: TypeError: data must be str, not tuple",1,7056,0,42
HumanEval/98,off_by_one,LOGIC_RANGE,"RunnerException: TypeError: data must be str, not tuple",1,7062,0,42
HumanEval/115,off_by_one,LOGIC_RANGE,"RunnerException: TypeError: data must be str, not tuple",1,7300,0,42
HumanEval/36,off_by_one,LOGIC_RANGE,"RunnerException: TypeError: data must be str, not tuple",1,7183,0,42
HumanEval/38,off_by_one,LOGIC_RANGE,"RunnerException: TypeError: data must be str, not tuple",1,7231,0,42
HumanEval/37,off_by_one,LOGIC_RANGE,"RunnerException: TypeError: data must be str, not tuple",1,7191,0,42
HumanEval/64,off_by_one,LOGIC_RANGE,"RunnerException: TypeError: data must be str, not tuple",1,5295,0,42
HumanEval/51,off_by_one,LOGIC_RANGE,"RunnerException: TypeError: data must be str, not tuple",1,4335,0,42
HumanEval/87,off_by_one,LOGIC_RANGE,"RunnerException: TypeError: data must be str, not tuple",1,7278,0,42
HumanEval/136,off_by_one,LOGIC_RANGE,"RunnerException: TypeError: data must be str, not tuple",1,7224,0,42
HumanEval/39,off_by_one,LOGIC_RANGE,"RunnerException: TypeError: data must be str, not tuple",1,7167,0,42
HumanEval/78,off_by_one,LOGIC_RANGE,"RunnerException: TypeError: data must be str, not tuple",1,7272,0,42
HumanEval/79,off_by_one,LOGIC_RANGE,"RunnerException: TypeError: data must be str, not tuple",1,6910,0,42
HumanEval/2,off_by_one,LOGIC_RANGE,"RunnerException: TypeError: data must be str, not tuple",1,5353,0,42
HumanEval/11,off_by_one,LOGIC_RANGE,"RunnerException: TypeError: data must be str, not tuple",1,7149,0,42
HumanEval/59,off_by_one,LOGIC_RANGE,"RunnerException: TypeError: data must be str, not tuple",1,4891,0,42
HumanEval/19,off_by_one,LOGIC_RANGE,"RunnerException: TypeError: data must be str, not tuple",1,7128,0,42
HumanEval/17,off_by_one,LOGIC_RANGE,"RunnerException: TypeError: data must be str, not tuple",1,7139,0,42
HumanEval/140,off_by_one,LOGIC_RANGE,"RunnerException: TypeError: data must be str, not tuple",1,7058,0,42
HumanEval/75,off_by_one,LOGIC_RANGE,"RunnerException: TypeError: data must be str, not tuple",1,6663,0,42
HumanEval/32,off_by_one,LOGIC_RANGE,"RunnerException: TypeError: data must be str, not tuple",1,7246,0,42
HumanEval/134,off_by_one,LOGIC_RANGE,"RunnerException: TypeError: data must be str, not tuple",1,7224,0,42
HumanEval/12,off_by_one,LOGIC_RANGE,"RunnerException: TypeError: data must be str, not tuple",1,4498,0,42
HumanEval/7,off_by_one,LOGIC_RANGE,"RunnerException: TypeError: data must be str, not tuple",1,2949,0,42
HumanEval/83,off_by_one,LOGIC_RANGE,"RunnerException: TypeError: data must be str, not tuple",1,7203,0,42
HumanEval/154,off_by_one,LOGIC_RANGE,"RunnerException: TypeError: data must be str, not tuple",1,7240,0,42
HumanEval/113,off_by_one,LOGIC_RANGE,"RunnerException: TypeError: data must be str, not tuple",1,7141,0,42
HumanEval/89,off_by_one,LOGIC_RANGE,"RunnerException: TypeError: data must be str, not tuple",1,7161,0,42
HumanEval/110,off_by_one,LOGIC_RANGE,"RunnerException: TypeError: data must be str, not tuple",1,7182,0,42
HumanEval/94,off_by_one,LOGIC_RANGE,"RunnerException: TypeError: data must be str, not tuple",1,7088,0,42
HumanEval/52,off_by_one,LOGIC_RANGE,"RunnerException: TypeError: data must be str, not tuple",1,5127,0,42
HumanEval/151,off_by_one,LOGIC_RANGE,"RunnerException: TypeError: data must be str, not tuple",1,5265,0,42
HumanEval/123,off_by_one,LOGIC_RANGE,"RunnerException: TypeError: data must be str, not tuple",1,7154,0,42
HumanEval/24,off_by_one,LOGIC_RANGE,"RunnerException: TypeError: data must be str, not tuple",1,5558,0,42
HumanEval/21,off_by_one,LOGIC_RANGE,"RunnerException: TypeError: data must be str, not tuple",1,7087,0,42
HumanEval/156,off_by_one,LOGIC_RANGE,"RunnerException: TypeError: data must be str, not tuple",1,7195,0,42
HumanEval/158,off_by_one,LOGIC_RANGE,"RunnerException: TypeError: data must be str, not tuple",1,5676,0,42
HumanEval/65,type_cast_trap,TYPE_CAST,"RunnerException: TypeError: data must be str, not tuple",1,7128,0,42
HumanEval/136,type_cast_trap,TYPE_CAST,"RunnerException: TypeError: data must be str, not tuple",1,7030,0,42
HumanEval/106,type_cast_trap,TYPE_CAST,"RunnerException: TypeError: data must be str, not tuple",1,7141,0,42
HumanEval/89,type_cast_trap,TYPE_CAST,"RunnerException: TypeError: data must be str, not tuple",1,3837,0,42
HumanEval/156,type_cast_trap,TYPE_CAST,"RunnerException: TypeError: data must be str, not tuple",1,7150,0,42
HumanEval/82,type_cast_trap,TYPE_CAST,"RunnerException: TypeError: data must be str, not tuple",1,5941,0,42
HumanEval/45,type_cast_trap,TYPE_CAST,"RunnerException: TypeError: data must be str, not tuple",1,2849,0,42
HumanEval/122,type_cast_trap,TYPE_CAST,"RunnerException: TypeError: data must be str, not tuple",1,6982,0,42
HumanEval/33,type_cast_trap,TYPE_CAST,"RunnerException: TypeError: data must be str, not tuple",1,7100,0,42
HumanEval/140,type_cast_trap,TYPE_CAST,"RunnerException: TypeError: data must be str, not tuple",1,4130,0,42
HumanEval/56,type_cast_trap,TYPE_CAST,"RunnerException: TypeError: data must be str, not tuple",1,7154,0,42
HumanEval/100,type_cast_trap,TYPE_CAST,"RunnerException: TypeError: data must be str, not tuple",1,7171,0,42
HumanEval/2,type_cast_trap,TYPE_CAST,"RunnerException: TypeError: data must be str, not tuple",1,6946,0,42
HumanEval/51,type_cast_trap,TYPE_CAST,"RunnerException: TypeError: data must be str, not tuple",1,6947,0,42
HumanEval/86,type_cast_trap,TYPE_CAST,"RunnerException: TypeError: data must be str, not tuple",1,5446,0,42
HumanEval/126,type_cast_trap,TYPE_CAST,"RunnerException: TypeError: data must be str, not tuple",1,7161,0,42
HumanEval/155,type_cast_trap,TYPE_CAST,"RunnerException: TypeError: data must be str, not tuple",1,7066,0,42
HumanEval/0,type_cast_trap,TYPE_CAST,"RunnerException: TypeError: data must be str, not tuple",1,7073,0,42
HumanEval/63,type_cast_trap,TYPE_CAST,"RunnerException: TypeError: data must be str, not tuple",1,7177,0,42
HumanEval/84,type_cast_trap,TYPE_CAST,"RunnerException: TypeError: data must be str, not tuple",1,7178,0,42
HumanEval/42,type_cast_trap,TYPE_CAST,"RunnerException: TypeError: data must be str, not tuple",1,7276,0,42
HumanEval/16,type_cast_trap,TYPE_CAST,"RunnerException: TypeError: data must be str, not tuple",1,6024,0,42
HumanEval/76,type_cast_trap,TYPE_CAST,"RunnerException: TypeError: data must be str, not tuple",1,7068,0,42
HumanEval/3,type_cast_trap,TYPE_CAST,"RunnerException: TypeError: data must be str, not tuple",1,5462,0,42
HumanEval/83,type_cast_trap,TYPE_CAST,"RunnerException: TypeError: data must be str, not tuple",1,7231,0,42
HumanEval/131,type_cast_trap,TYPE_CAST,"RunnerException: TypeError: data must be str, not tuple",1,5719,0,42
HumanEval/43,type_cast_trap,TYPE_CAST,"RunnerException: TypeError: data must be str, not tuple",1,5344,0,42
HumanEval/64,type_cast_trap,TYPE_CAST,"RunnerException: TypeError: data must be str, not tuple",1,4525,0,42
HumanEval/139,type_cast_trap,TYPE_CAST,"RunnerException: TypeError: data must be str, not tuple",1,5800,0,42
HumanEval/24,type_cast_trap,TYPE_CAST,"RunnerException: TypeError: data must be str, not tuple",1,3288,0,42
HumanEval/154,type_cast_trap,TYPE_CAST,"RunnerException: TypeError: data must be str, not tuple",1,5981,0,42
HumanEval/151,type_cast_trap,TYPE_CAST,"RunnerException: TypeError: data must be str, not tuple",1,4258,0,42
HumanEval/9,type_cast_trap,TYPE_CAST,"RunnerException: TypeError: data must be str, not tuple",1,6329,0,42
HumanEval/15,type_cast_trap,TYPE_CAST,"RunnerException: TypeError: data must be str, not tuple",1,4621,0,42
HumanEval/72,type_cast_trap,TYPE_CAST,"RunnerException: TypeError: data must be str, not tuple",1,7144,0,42
HumanEval/77,type_cast_trap,TYPE_CAST,"RunnerException: TypeError: data must be str, not tuple",1,6099,0,42
HumanEval/49,type_cast_trap,TYPE_CAST,"RunnerException: TypeError: data must be str, not tuple",1,7230,0,42
HumanEval/5,type_cast_trap,TYPE_CAST,"RunnerException: TypeError: data must be str, not tuple",1,5847,0,42
HumanEval/93,type_cast_trap,TYPE_CAST,"RunnerException: TypeError: data must be str, not tuple",1,7124,0,42
HumanEval/46,type_cast_trap,TYPE_CAST,"RunnerException: TypeError: data must be str, not tuple",1,7127,0,42
HumanEval/36,type_cast_trap,TYPE_CAST,"RunnerException: TypeError: data must be str, not tuple",1,7025,0,42
HumanEval/6,type_cast_trap,TYPE_CAST,"RunnerException: TypeError: data must be str, not tuple",1,4896,0,42
HumanEval/163,type_cast_trap,TYPE_CAST,"RunnerException: TypeError: data must be str, not tuple",1,7229,0,42
HumanEval/60,type_cast_trap,TYPE_CAST,"RunnerException: TypeError: data must be str, not tuple",1,5859,0,42
HumanEval/58,type_cast_trap,TYPE_CAST,"RunnerException: TypeError: data must be str, not tuple",1,7255,0,42
HumanEval/149,type_cast_trap,TYPE_CAST,"RunnerException: TypeError: data must be str, not tuple",1,7142,0,42
HumanEval/25,type_cast_trap,TYPE_CAST,"RunnerException: TypeError: data must be str, not tuple",1,7227,0,42
HumanEval/27,type_cast_trap,TYPE_CAST,"RunnerException: TypeError: data must be str, not tuple",1,3934,0,42
HumanEval/29,type_cast_trap,TYPE_CAST,"RunnerException: TypeError: data must be str, not tuple",1,2951,0,42
HumanEval/48,type_cast_trap,TYPE_CAST,"RunnerException: TypeError: data must be str, not tuple",1,3054,0,42
HumanEval/96,type_cast_trap,TYPE_CAST,"RunnerException: TypeError: data must be str, not tuple",1,7168,0,42
HumanEval/61,type_cast_trap,TYPE_CAST,"RunnerException: TypeError: data must be str, not tuple",1,5053,0,42
HumanEval/52,type_cast_trap,TYPE_CAST,"RunnerException: TypeError: data must be str, not tuple",1,4557,0,42
HumanEval/104,type_cast_trap,TYPE_CAST,"RunnerException: TypeError: data must be str, not tuple",1,7175,0,42
HumanEval/101,type_cast_trap,TYPE_CAST,"RunnerException: TypeError: data must be str, not tuple",1,5598,0,42
HumanEval/88,type_cast_trap,TYPE_CAST,"RunnerException: TypeError: data must be str, not tuple",1,7250,0,42
HumanEval/30,type_cast_trap,TYPE_CAST,"RunnerException: TypeError: data must be str, not tuple",1,1011,0,42
HumanEval/80,type_cast_trap,TYPE_CAST,"RunnerException: TypeError: data must be str, not tuple",1,6644,0,42
HumanEval/14,type_cast_trap,TYPE_CAST,"RunnerException: TypeError: data must be str, not tuple",1,4220,0,42
HumanEval/129,type_cast_trap,TYPE_CAST,"RunnerException: TypeError: data must be str, not tuple",1,7194,0,42
HumanEval/114,type_cast_trap,TYPE_CAST,"RunnerException: TypeError: data must be str, not tuple",1,5245,0,42
HumanEval/150,type_cast_trap,TYPE_CAST,"RunnerException: TypeError: data must be str, not tuple",1,7102,0,42
HumanEval/73,type_cast_trap,TYPE_CAST,"RunnerException: TypeError: data must be str, not tuple",1,7243,0,42
HumanEval/12,type_cast_trap,TYPE_CAST,"RunnerException: TypeError: data must be str, not tuple",1,3642,0,42
HumanEval/118,type_cast_trap,TYPE_CAST,"RunnerException: TypeError: data must be str, not tuple",1,5091,0,42
HumanEval/66,type_cast_trap,TYPE_CAST,"RunnerException: TypeError: data must be str, not tuple",1,7253,0,42
HumanEval/120,type_cast_trap,TYPE_CAST,"RunnerException: TypeError: data must be str, not tuple",1,7285,0,42
HumanEval/11,type_cast_trap,TYPE_CAST,"RunnerException: TypeError: data must be str, not tuple",1,4775,0,42
HumanEval/141,type_cast_trap,TYPE_CAST,"RunnerException: TypeError: data must be str, not tuple",1,6861,0,42
HumanEval/44,type_cast_trap,TYPE_CAST,"RunnerException: TypeError: data must be str, not tuple",1,7139,0,42
HumanEval/87,type_cast_trap,TYPE_CAST,"RunnerException: TypeError: data must be str, not tuple",1,7290,0,42
HumanEval/162,type_cast_trap,TYPE_CAST,"RunnerException: TypeError: data must be str, not tuple",1,3060,0,42
HumanEval/130,type_cast_trap,TYPE_CAST,"RunnerException: TypeError: data must be str, not tuple",1,7276,0,42
HumanEval/116,type_cast_trap,TYPE_CAST,"RunnerException: TypeError: data must be str, not tuple",1,7231,0,42
HumanEval/62,type_cast_trap,TYPE_CAST,"RunnerException: TypeError: data must be str, not tuple",1,7318,0,42
HumanEval/129,rename_function,SIGNATURE,"RunnerException: TypeError: data must be str, not tuple",1,7069,0,42
HumanEval/132,rename_function,SIGNATURE,"RunnerException: TypeError: data must be str, not tuple",1,4093,0,42
HumanEval/19,rename_function,SIGNATURE,"RunnerException: TypeError: data must be str, not tuple",1,4542,0,42
HumanEval/66,rename_function,SIGNATURE,"RunnerException: TypeError: data must be str, not tuple",1,6555,0,42
HumanEval/101,rename_function,SIGNATURE,"RunnerException: TypeError: data must be str, not tuple",1,5814,0,42
HumanEval/124,rename_function,SIGNATURE,"RunnerException: TypeError: data must be str, not tuple",1,7075,0,42
HumanEval/145,rename_function,SIGNATURE,"RunnerException: TypeError: data must be str, not tuple",1,5983,0,42
HumanEval/54,rename_function,SIGNATURE,"RunnerException: TypeError: data must be str, not tuple",1,7115,0,42
HumanEval/44,rename_function,SIGNATURE,"RunnerException: TypeError: data must be str, not tuple",1,4440,0,42
HumanEval/58,rename_function,SIGNATURE,"RunnerException: TypeError: data must be str, not tuple",1,7090,0,42
HumanEval/112,rename_function,SIGNATURE,"RunnerException: TypeError: data must be str, not tuple",1,7123,0,42
HumanEval/6,rename_function,SIGNATURE,"RunnerException: TypeError: data must be str, not tuple",1,5768,0,42
HumanEval/53,rename_function,SIGNATURE,"RunnerException: TypeError: data must be str, not tuple",1,3139,0,42
HumanEval/136,rename_function,SIGNATURE,"RunnerException: TypeError: data must be str, not tuple",1,7218,0,42
HumanEval/81,rename_function,SIGNATURE,"RunnerException: TypeError: data must be str, not tuple",1,7260,0,42
HumanEval/122,rename_function,SIGNATURE,"RunnerException: TypeError: data must be str, not tuple",1,7190,0,42
HumanEval/51,rename_function,SIGNATURE,"RunnerException: TypeError: data must be str, not tuple",1,5380,0,42
HumanEval/107,rename_function,SIGNATURE,"RunnerException: TypeError: data must be str, not tuple",1,7053,0,42
HumanEval/148,rename_function,SIGNATURE,"RunnerException: TypeError: data must be str, not tuple",1,7056,0,42
HumanEval/75,rename_function,SIGNATURE,"RunnerException: TypeError: data must be str, not tuple",1,6861,0,42
HumanEval/26,rename_function,SIGNATURE,"RunnerException: TypeError: data must be str, not tuple",1,3365,0,42
HumanEval/150,rename_function,SIGNATURE,"RunnerException: TypeError: data must be str, not tuple",1,7124,0,42
HumanEval/10,rename_function,SIGNATURE,"RunnerException: TypeError: data must be str, not tuple",1,7075,0,42
HumanEval/76,rename_function,SIGNATURE,"RunnerException: TypeError: data must be str, not tuple",1,7048,0,42
HumanEval/120,rename_function,SIGNATURE,"RunnerException: TypeError: data must be str, not tuple",1,7034,0,42
HumanEval/128,rename_function,SIGNATURE,"RunnerException: TypeError: data must be str, not tuple",1,6965,0,42
HumanEval/4,rename_function,SIGNATURE,"RunnerException: TypeError: data must be str, not tuple",1,4874,0,42
HumanEval/56,rename_function,SIGNATURE,"RunnerException: TypeError: data must be str, not tuple",1,3924,0,42
HumanEval/106,rename_function,SIGNATURE,"RunnerException: TypeError: data must be str, not tuple",1,6947,0,42
HumanEval/146,rename_function,SIGNATURE,"RunnerException: TypeError: data must be str, not tuple",1,5339,0,42
HumanEval/125,rename_function,SIGNATURE,"RunnerException: TypeError: data must be str, not tuple",1,7212,0,42
HumanEval/119,rename_function,SIGNATURE,"RunnerException: TypeError: data must be str, not tuple",1,7309,0,42
HumanEval/49,rename_function,SIGNATURE,"RunnerException: TypeError: data must be str, not tuple",1,7162,0,42
HumanEval/138,rename_function,SIGNATURE,"RunnerException: TypeError: data must be str, not tuple",1,6297,0,42
HumanEval/84,rename_function,SIGNATURE,"RunnerException: TypeError: data must be str, not tuple",1,6979,0,42
HumanEval/143,rename_function,SIGNATURE,"RunnerException: TypeError: data must be str, not tuple",1,7018,0,42
HumanEval/57,rename_function,SIGNATURE,"RunnerException: TypeError: data must be str, not tuple",1,5131,0,42
HumanEval/68,rename_function,SIGNATURE,"RunnerException: TypeError: data must be str, not tuple",1,7157,0,42
HumanEval/30,rename_function,SIGNATURE,"RunnerException: TypeError: data must be str, not tuple",1,3704,0,42
HumanEval/47,rename_function,SIGNATURE,"RunnerException: TypeError: data must be str, not tuple",1,4846,0,42
HumanEval/28,rename_function,SIGNATURE,"RunnerException: TypeError: data must be str, not tuple",1,1728,0,42
HumanEval/5,rename_function,SIGNATURE,"RunnerException: TypeError: data must be str, not tuple",1,3580,0,42
HumanEval/161,rename_function,SIGNATURE,"RunnerException: TypeError: data must be str, not tuple",1,6667,0,42
HumanEval/94,rename_function,SIGNATURE,"RunnerException: TypeError: data must be str, not tuple",1,7185,0,42
HumanEval/61,rename_function,SIGNATURE,"RunnerException: TypeError: data must be str, not tuple",1,7175,0,42
HumanEval/50,rename_function,SIGNATURE,"RunnerException: TypeError: data must be str, not tuple",1,5924,0,42
HumanEval/137,rename_function,SIGNATURE,"RunnerException: TypeError: data must be str, not tuple",1,7014,0,42
HumanEval/45,rename_function,SIGNATURE,"RunnerException: TypeError: data must be str, not tuple",1,5559,0,42
HumanEval/163,rename_function,SIGNATURE,"RunnerException: TypeError: data must be str, not tuple",1,7227,0,42
HumanEval/27,rename_function,SIGNATURE,"RunnerException: TypeError: data must be str, not tuple",1,1494,0,42
HumanEval/147,rename_function,SIGNATURE,"RunnerException: TypeError: data must be str, not tuple",1,7216,0,42
HumanEval/42,rename_function,SIGNATURE,"RunnerException: TypeError: data must be str, not tuple",1,3526,0,42
HumanEval/60,rename_function,SIGNATURE,"RunnerException: TypeError: data must be str, not tuple",1,3206,0,42
HumanEval/86,rename_function,SIGNATURE,"RunnerException: TypeError: data must be str, not tuple",1,5315,0,42
HumanEval/141,rename_function,SIGNATURE,"RunnerException: TypeError: data must be str, not tuple",1,7301,0,42
HumanEval/133,rename_function,SIGNATURE,"RunnerException: TypeError: data must be str, not tuple",1,7132,0,42
HumanEval/16,rename_function,SIGNATURE,"RunnerException: TypeError: data must be str, not tuple",1,4768,0,42
HumanEval/69,rename_function,SIGNATURE,"RunnerException: TypeError: data must be str, not tuple",1,4296,0,42
HumanEval/96,rename_function,SIGNATURE,"RunnerException: TypeError: data must be str, not tuple",1,6944,0,42
HumanEval/15,rename_function,SIGNATURE,"RunnerException: TypeError: data must be str, not tuple",1,4121,0,42
HumanEval/140,rename_function,SIGNATURE,"RunnerException: TypeError: data must be str, not tuple",1,4167,0,42
HumanEval/130,rename_function,SIGNATURE,"RunnerException: TypeError: data must be str, not tuple",1,7114,0,42
HumanEval/9,rename_function,SIGNATURE,"RunnerException: TypeError: data must be str, not tuple",1,4408,0,42
HumanEval/92,rename_function,SIGNATURE,"RunnerException: TypeError: data must be str, not tuple",1,5947,0,42
HumanEval/62,rename_function,SIGNATURE,"RunnerException: TypeError: data must be str, not tuple",1,4216,0,42
HumanEval/55,rename_function,SIGNATURE,"RunnerException: TypeError: data must be str, not tuple",1,1527,0,42
HumanEval/63,rename_function,SIGNATURE,"RunnerException: TypeError: data must be str, not tuple",1,7252,0,42
HumanEval/22,rename_function,SIGNATURE,"RunnerException: TypeError: data must be str, not tuple",1,2954,0,42
HumanEval/123,rename_function,SIGNATURE,"RunnerException: TypeError: data must be str, not tuple",1,7151,0,42
HumanEval/97,rename_function,SIGNATURE,"RunnerException: TypeError: data must be str, not tuple",1,4886,0,42
HumanEval/105,rename_function,SIGNATURE,"RunnerException: TypeError: data must be str, not tuple",1,7116,0,42
HumanEval/64,rename_function,SIGNATURE,"RunnerException: TypeError: data must be str, not tuple",1,7175,0,42
HumanEval/134,rename_function,SIGNATURE,"RunnerException: TypeError: data must be str, not tuple",1,6692,0,42
HumanEval/40,rename_function,SIGNATURE,"RunnerException: TypeError: data must be str, not tuple",1,7114,0,42
HumanEval/117,rename_function,SIGNATURE,"RunnerException: TypeError: data must be str, not tuple",1,7070,0,42
HumanEval/162,remove_docstring,DOCSTRING,"RunnerException: TypeError: data must be str, not tuple",1,2903,0,42
HumanEval/33,remove_docstring,DOCSTRING,"RunnerException: TypeError: data must be str, not tuple",1,6926,0,42
HumanEval/153,remove_docstring,DOCSTRING,"RunnerException: TypeError: data must be str, not tuple",1,7067,0,42
HumanEval/51,remove_docstring,DOCSTRING,"RunnerException: TypeError: data must be str, not tuple",1,7211,0,42
HumanEval/138,remove_docstring,DOCSTRING,"RunnerException: TypeError: data must be str, not tuple",1,7124,0,42
HumanEval/81,remove_docstring,DOCSTRING,"RunnerException: TypeError: data must be str, not tuple",1,7145,0,42
HumanEval/97,remove_docstring,DOCSTRING,"RunnerException: TypeError: data must be str, not tuple",1,4714,0,42
HumanEval/1,remove_docstring,DOCSTRING,"RunnerException: TypeError: data must be str, not tuple",1,4301,0,42
HumanEval/24,remove_docstring,DOCSTRING,"RunnerException: TypeError: data must be str, not tuple",1,4667,0,42
HumanEval/28,remove_docstring,DOCSTRING,"RunnerException: TypeError: data must be str, not tuple",1,1746,0,42
HumanEval/31,remove_docstring,DOCSTRING,"RunnerException: TypeError: data must be str, not tuple",1,5561,0,42
HumanEval/59,remove_docstring,DOCSTRING,"RunnerException: TypeError: data must be str, not tuple",1,7076,0,42
HumanEval/66,remove_docstring,DOCSTRING,"RunnerException: TypeError: data must be str, not tuple",1,7099,0,42
HumanEval/37,remove_docstring,DOCSTRING,"RunnerException: TypeError: data must be str, not tuple",1,7168,0,42
HumanEval/93,remove_docstring,DOCSTRING,"RunnerException: TypeError: data must be str, not tuple",1,6038,0,42
HumanEval/134,remove_docstring,DOCSTRING,"RunnerException: TypeError: data must be str, not tuple",1,7153,0,42
HumanEval/64,remove_docstring,DOCSTRING,"RunnerException: TypeError: data must be str, not tuple",1,3980,0,42
HumanEval/132,remove_docstring,DOCSTRING,"RunnerException: TypeError: data must be str, not tuple",1,5935,0,42
HumanEval/150,remove_docstring,DOCSTRING,"RunnerException: TypeError: data must be str, not tuple",1,7155,0,42
HumanEval/42,remove_docstring,DOCSTRING,"RunnerException: TypeError: data must be str, not tuple",1,7152,0,42
HumanEval/160,remove_docstring,DOCSTRING,"RunnerException: TypeError: data must be str, not tuple",1,7294,0,42
HumanEval/157,remove_docstring,DOCSTRING,"RunnerException: TypeError: data must be str, not tuple",1,7209,0,42
HumanEval/48,remove_docstring,DOCSTRING,"RunnerException: TypeError: data must be str, not tuple",1,4967,0,42
HumanEval/125,remove_docstring,DOCSTRING,"RunnerException: TypeError: data must be str, not tuple",1,7004,0,42
HumanEval/161,remove_docstring,DOCSTRING,"RunnerException: TypeError: data must be str, not tuple",1,4967,0,42
HumanEval/156,remove_docstring,DOCSTRING,"RunnerException: TypeError: data must be str, not tuple",1,7087,0,42
HumanEval/84,remove_docstring,DOCSTRING,"RunnerException: TypeError: data must be str, not tuple",1,6379,0,42
HumanEval/4,remove_docstring,DOCSTRING,"RunnerException: TypeError: data must be str, not tuple",1,7091,0,42
HumanEval/5,remove_docstring,DOCSTRING,"RunnerException: TypeError: data must be str, not tuple",1,6763,0,42
HumanEval/77,remove_docstring,DOCSTRING,"RunnerException: TypeError: data must be str, not tuple",1,5848,0,42
HumanEval/73,remove_docstring,DOCSTRING,"RunnerException: TypeError: data must be str, not tuple",1,7225,0,42
HumanEval/163,remove_docstring,DOCSTRING,"RunnerException: TypeError: data must be str, not tuple",1,7355,0,42
HumanEval/96,remove_docstring,DOCSTRING,"RunnerException: TypeError: data must be str, not tuple",1,7191,0,42
HumanEval/99,remove_docstring,DOCSTRING,"RunnerException: TypeError: data must be str, not tuple",1,7120,0,42
HumanEval/147,remove_docstring,DOCSTRING,"RunnerException: TypeError: data must be str, not tuple",1,7191,0,42
HumanEval/158,remove_docstring,DOCSTRING,"RunnerException: TypeError: data must be str, not tuple",1,7187,0,42
HumanEval/112,remove_docstring,DOCSTRING,"RunnerException: TypeError: data must be str, not tuple",1,7114,0,42
HumanEval/136,remove_docstring,DOCSTRING,"RunnerException: TypeError: data must be str, not tuple",1,6018,0,42
HumanEval/57,remove_docstring,DOCSTRING,"RunnerException: TypeError: data must be str, not tuple",1,7287,0,42
HumanEval/36,remove_docstring,DOCSTRING,"RunnerException: TypeError: data must be str, not tuple",1,7081,0,42
HumanEval/94,remove_docstring,DOCSTRING,"RunnerException: TypeError: data must be str, not tuple",1,7314,0,42
HumanEval/34,remove_docstring,DOCSTRING,"RunnerException: TypeError: data must be str, not tuple",1,2785,0,42
HumanEval/39,remove_docstring,DOCSTRING,"RunnerException: TypeError: data must be str, not tuple",1,7150,0,42
HumanEval/75,remove_docstring,DOCSTRING,"RunnerException: TypeError: data must be str, not tuple",1,5720,0,42
HumanEval/27,remove_docstring,DOCSTRING,"RunnerException: TypeError: data must be str, not tuple",1,1912,0,42
HumanEval/38,remove_docstring,DOCSTRING,"RunnerException: TypeError: data must be str, not tuple",1,7173,0,42
HumanEval/106,remove_docstring,DOCSTRING,"RunnerException: TypeError: data must be str, not tuple",1,7125,0,42
HumanEval/67,remove_docstring,DOCSTRING,"RunnerException: TypeError: data must be str, not tuple",1,7214,0,42
HumanEval/122,remove_docstring,DOCSTRING,"RunnerException: TypeError: data must be str, not tuple",1,4741,0,42
HumanEval/101,remove_docstring,DOCSTRING,"RunnerException: TypeError: data must be str, not tuple",1,6097,0,42
HumanEval/17,remove_docstring,DOCSTRING,"RunnerException: TypeError: data must be str, not tuple",1,7203,0,42
HumanEval/9,remove_docstring,DOCSTRING,"RunnerException: TypeError: data must be str, not tuple",1,6616,0,42
HumanEval/123,remove_docstring,DOCSTRING,"RunnerException: TypeError: data must be str, not tuple",1,7212,0,42
HumanEval/46,remove_docstring,DOCSTRING,"RunnerException: TypeError: data must be str, not tuple",1,7185,0,42
HumanEval/82,remove_docstring,DOCSTRING,"RunnerException: TypeError: data must be str, not tuple",1,7243,0,42
HumanEval/40,remove_docstring,DOCSTRING,"RunnerException: TypeError: data must be str, not tuple",1,6409,0,42
HumanEval/108,remove_docstring,DOCSTRING,"RunnerException: TypeError: data must be str, not tuple",1,6095,0,42
HumanEval/22,remove_docstring,DOCSTRING,"RunnerException: TypeError: data must be str, not tuple",1,4372,0,42
HumanEval/124,remove_docstring,DOCSTRING,"RunnerException: TypeError: data must be str, not tuple",1,7159,0,42
HumanEval/139,remove_docstring,DOCSTRING,"RunnerException: TypeError: data must be str, not tuple",1,4161,0,42
HumanEval/69,remove_docstring,DOCSTRING,"RunnerException: TypeError: data must be str, not tuple",1,7243,0,42
HumanEval/143,remove_docstring,DOCSTRING,"RunnerException: TypeError: data must be str, not tuple",1,7018,0,42
HumanEval/60,remove_docstring,DOCSTRING,"RunnerException: TypeError: data must be str, not tuple",1,5029,0,42
HumanEval/89,remove_docstring,DOCSTRING,"RunnerException: TypeError: data must be str, not tuple",1,7221,0,42
HumanEval/25,remove_docstring,DOCSTRING,"RunnerException: TypeError: data must be str, not tuple",1,4921,0,42
HumanEval/118,remove_docstring,DOCSTRING,"RunnerException: TypeError: data must be str, not tuple",1,3571,0,42
HumanEval/144,remove_docstring,DOCSTRING,"RunnerException: TypeError: data must be str, not tuple",1,5799,0,42
HumanEval/72,remove_docstring,DOCSTRING,"RunnerException: TypeError: data must be str, not tuple",1,7149,0,42
HumanEval/83,remove_docstring,DOCSTRING,"RunnerException: TypeError: data must be str, not tuple",1,4955,0,42
HumanEval/141,remove_docstring,DOCSTRING,"RunnerException: TypeError: data must be str, not tuple",1,7241,0,42
HumanEval/62,remove_docstring,DOCSTRING,"RunnerException: TypeError: data must be str, not tuple",1,1395,0,42
HumanEval/80,remove_docstring,DOCSTRING,"RunnerException: TypeError: data must be str, not tuple",1,7186,0,42
HumanEval/95,remove_docstring,DOCSTRING,"RunnerException: TypeError: data must be str, not tuple",1,6742,0,42
HumanEval/86,remove_docstring,DOCSTRING,"RunnerException: TypeError: data must be str, not tuple",1,7230,0,42
HumanEval/23,remove_docstring,DOCSTRING,"RunnerException: TypeError: data must be str, not tuple",1,2921,0,42
