task_id,variant,model,seed,regime,p_fail,primary_pass,final_pass,adb_calls,ecnn_calls,adb_variant_used,gen_latency_ms,pytest_ms_primary,pytest_ms_repair,rubric_bullets,temperature_used,max_new_tokens_used,prompt_chars,prompt_tokens_est,detail
HumanEval/0,adw_gepn_gate_v1,Qwen/Qwen2.5-Coder-0.5B-Instruct,1,heavy,1.0,0,0,1,1,ecnn_adb,2709,1202,1202,0,0.30000000000000004,320,1725.0,229.0,"    def has_close_elements(numbers: List[float], threshold: float) -> bool:
                                    ^^^^
E   NameError: name 'List' is not defined
=========================== short test summary info ============================
ERROR test_solution.py - NameError: name 'List' is not defined
!!!!!!!!!!!!!!!!!!!! Interrupted: 1 error during collection !!!!!!!!!!!!!!!!!!!!
1 error in 0.11s"
HumanEval/1,adw_gepn_gate_v1,Qwen/Qwen2.5-Coder-0.5B-Instruct,1,heavy,1.0,0,0,1,1,ecnn_adb,6470,1102,1202,0,0.30000000000000004,320,1842.0,254.0," def separate_paren_groups(paren_string: str) -> List[str]:
                                                    ^^^^
E   NameError: name 'List' is not defined
=========================== short test summary info ============================
ERROR test_solution.py - NameError: name 'List' is not defined
!!!!!!!!!!!!!!!!!!!! Interrupted: 1 error during collection !!!!!!!!!!!!!!!!!!!!
1 error in 0.11s"
HumanEval/10,adw_gepn_gate_v1,Qwen/Qwen2.5-Coder-0.5B-Instruct,1,heavy,1.0,0,0,1,1,ecnn_adb,7496,1102,1102,0,0.30000000000000004,320,1916.0,259.0,"hat is a palindrome
        for i in range(len(string), 0, -1):
>           if is_palindrome(string[i:]):
               ^^^^^^^^^^^^^
E           NameError: name 'is_palindrome' is not defined

solution.py:18: NameError
=========================== short test summary info ============================
FAILED test_solution.py::test_all - NameError: name 'is_palindrome' is not de...
1 failed in 0.04s"
HumanEval/100,adw_gepn_gate_v1,Qwen/Qwen2.5-Coder-0.5B-Instruct,1,heavy,1.0,0,0,1,1,ecnn_adb,6685,15022,15020,0,0.30000000000000004,320,1811.0,264.0,TimeoutError: Execution exceeded limit
HumanEval/101,adw_gepn_gate_v1,Qwen/Qwen2.5-Coder-0.5B-Instruct,1,heavy,1.0,0,0,1,1,ecnn_adb,5942,1102,1102,0,0.30000000000000004,320,1730.0,239.0,"', ... 'is', 'John']
E         
E         At index 1 diff: ' my name is John' != 'my'
E         Right contains 3 more items, first extra item: 'name'
E         Use -v to get more diff

test_solution.py:10: AssertionError
=========================== short test summary info ============================
FAILED test_solution.py::test_all - AssertionError: assert ['Hi', ' my name i...
1 failed in 0.04s"
HumanEval/102,adw_gepn_gate_v1,Qwen/Qwen2.5-Coder-0.5B-Instruct,1,heavy,1.0,1,1,0,0,none,5183,1102,0,0,0.30000000000000004,320,1652.0,229.0,".                                                                        [100%]
1 passed in 0.01s"
HumanEval/103,adw_gepn_gate_v1,Qwen/Qwen2.5-Coder-0.5B-Instruct,1,heavy,1.0,0,0,1,1,ecnn_adb,4514,1102,1102,0,0.30000000000000004,320,1782.0,248.0,"    
        # Check some simple cases
>       assert candidate(1, 5) == ""0b11""
E       AssertionError: assert '0b00000011' == '0b11'
E         
E         - 0b11
E         + 0b00000011

test_solution.py:9: AssertionError
=========================== short test summary info ============================
FAILED test_solution.py::test_all - AssertionError: assert '0b00000011' == '0...
1 failed in 0.04s"
HumanEval/104,adw_gepn_gate_v1,Qwen/Qwen2.5-Coder-0.5B-Instruct,1,heavy,1.0,0,0,1,1,ecnn_adb,8503,1102,1102,0,0.30000000000000004,320,1674.0,227.0,"ndidate([15, 33, 1422, 1]) == [1, 15, 33]
>       assert candidate([152, 323, 1422, 10]) == []
E       assert [323] == []
E         
E         Left contains one more item: 323
E         Use -v to get more diff

test_solution.py:10: AssertionError
=========================== short test summary info ============================
FAILED test_solution.py::test_all - assert [323] == []
1 failed in 0.04s"
HumanEval/105,adw_gepn_gate_v1,Qwen/Qwen2.5-Coder-0.5B-Instruct,1,heavy,1.0,0,0,1,1,ecnn_adb,8987,1102,1102,0,0.30000000000000004,320,2145.0,313.0,"], ""Error""
E       AssertionError: Error
E       assert None == ['Eight', 'Five', 'Four', 'Three', 'Two', 'Two', ...]
E        +  where None = <function by_length at 0x7c3f4f524a40>([2, 1, 1, 4, 5, 8, ...])

test_solution.py:10: AssertionError
=========================== short test summary info ============================
FAILED test_solution.py::test_all - AssertionError: Error
1 failed in 0.04s"
HumanEval/106,adw_gepn_gate_v1,Qwen/Qwen2.5-Coder-0.5B-Instruct,1,heavy,1.0,0,0,1,1,ecnn_adb,2946,1102,1102,0,0.30000000000000004,320,1736.0,263.0,"     if i % 2 == 0:
                # Factorial of i
>               result.append(factorial(i))
                              ^^^^^^^^^
E               NameError: name 'factorial' is not defined

solution.py:19: NameError
=========================== short test summary info ============================
FAILED test_solution.py::test_all - NameError: name 'factorial' is not defined
1 failed in 0.04s"
HumanEval/107,adw_gepn_gate_v1,Qwen/Qwen2.5-Coder-0.5B-Instruct,1,heavy,1.0,0,0,1,1,ecnn_adb,8937,1102,1102,0,0.30000000000000004,320,2012.0,286.0,"heck(candidate):
    
        # Check some simple cases
>       assert candidate(123) == (8, 13)
E       assert None == (8, 13)
E        +  where None = <function even_odd_palindrome at 0x79ae4c490a40>(123)

test_solution.py:9: AssertionError
=========================== short test summary info ============================
FAILED test_solution.py::test_all - assert None == (8, 13)
1 failed in 0.04s"
HumanEval/108,adw_gepn_gate_v1,Qwen/Qwen2.5-Coder-0.5B-Instruct,1,heavy,1.0,0,0,1,1,ecnn_adb,4724,1102,1102,0,0.30000000000000004,320,1732.0,246.0,":
    
        # Check some simple cases
        assert candidate([]) == 0
>       assert candidate([-1, -2, 0]) == 0
E       assert 2 == 0
E        +  where 2 = <function count_nums at 0x7ec65dd54a40>([-1, -2, 0])

test_solution.py:10: AssertionError
=========================== short test summary info ============================
FAILED test_solution.py::test_all - assert 2 == 0
1 failed in 0.04s"
HumanEval/109,adw_gepn_gate_v1,Qwen/Qwen2.5-Coder-0.5B-Instruct,1,heavy,1.0,0,0,1,1,ecnn_adb,9008,1102,1102,0,0.30000000000000004,320,2601.0,365.0,"  
        """"""
        if not arr:
            return True
    
        # Find the index where the array is not sorted
>       sorted_index
E       NameError: name 'sorted_index' is not defined

solution.py:32: NameError
=========================== short test summary info ============================
FAILED test_solution.py::test_all - NameError: name 'sorted_index' is not def...
1 failed in 0.04s"
HumanEval/11,adw_gepn_gate_v1,Qwen/Qwen2.5-Coder-0.5B-Instruct,1,heavy,1.0,1,1,0,0,none,6119,1102,0,0,0.30000000000000004,320,1595.0,223.0,".                                                                        [100%]
1 passed in 0.01s"
HumanEval/110,adw_gepn_gate_v1,Qwen/Qwen2.5-Coder-0.5B-Instruct,1,heavy,1.0,1,1,0,0,none,8885,1102,0,0,0.30000000000000004,320,2015.0,293.0,".                                                                        [100%]
1 passed in 0.01s"
HumanEval/111,adw_gepn_gate_v1,Qwen/Qwen2.5-Coder-0.5B-Instruct,1,heavy,1.0,0,0,1,1,ecnn_adb,8653,1102,1102,0,0.30000000000000004,320,1819.0,256.0," {'a': 2, 'b': 2}
E         
E         Left contains 1 more item:
E         {' ': 3}
E         Right contains 2 more items:
E         {'a': 2, 'b': 2}
E         Use -v to get more diff

test_solution.py:9: AssertionError
=========================== short test summary info ============================
FAILED test_solution.py::test_all - AssertionError: This prints if this asser...
1 failed in 0.04s"
HumanEval/112,adw_gepn_gate_v1,Qwen/Qwen2.5-Coder-0.5B-Instruct,1,heavy,1.0,0,0,1,1,ecnn_adb,4737,1102,1102,0,0.30000000000000004,320,1934.0,281.0,"ate(""abcde"",""ae"") == ('bcd',False)
E       AssertionError: assert (False, True) == ('bcd', False)
E         
E         At index 0 diff: False != 'bcd'
E         Use -v to get more diff

test_solution.py:8: AssertionError
=========================== short test summary info ============================
FAILED test_solution.py::test_all - AssertionError: assert (False, True) == (...
1 failed in 0.04s"
HumanEval/113,adw_gepn_gate_v1,Qwen/Qwen2.5-Coder-0.5B-Instruct,1,heavy,1.0,0,0,1,1,ecnn_adb,9067,1202,1102,0,0.30000000000000004,320,1926.0,278.0,"t.""], ""Test 1""
E       AssertionError: Test 1
E       assert None == ['the number of odd elements 4n the str4ng 4 of the 4nput.']
E        +  where None = <function odd_count at 0x7846e9568a40>(['1234567'])

test_solution.py:9: AssertionError
=========================== short test summary info ============================
FAILED test_solution.py::test_all - AssertionError: Test 1
1 failed in 0.04s"
HumanEval/114,adw_gepn_gate_v1,Qwen/Qwen2.5-Coder-0.5B-Instruct,1,heavy,1.0,0,0,1,1,ecnn_adb,6622,1102,1102,0,0.30000000000000004,320,1572.0,214.0,"    AssertionError: This prints if this assert fails 1 (good for debugging!)
E       assert 2 == 1
E        +  where 2 = <function minSubArraySum at 0x7b2f9dda0a40>([2, 3, 4, 1, 2, 4])

test_solution.py:9: AssertionError
=========================== short test summary info ============================
FAILED test_solution.py::test_all - AssertionError: This prints if this asser...
1 failed in 0.04s"
HumanEval/115,adw_gepn_gate_v1,Qwen/Qwen2.5-Coder-0.5B-Instruct,1,heavy,1.0,0,0,1,1,ecnn_adb,3505,1102,1102,0,0.30000000000000004,320,2386.0,328.0,"    assert candidate([[1,1,1,1], [1,1,1,1]], 9) == 2, ""Error""
E       AssertionError: Error
E       assert 1 == 2
E        +  where 1 = <function max_fill at 0x7ea966678900>([[1, 1, 1, 1], [1, 1, 1, 1]], 9)

test_solution.py:18: AssertionError
=========================== short test summary info ============================
FAILED test_solution.py::test_all - AssertionError: Error
1 failed in 0.04s"
HumanEval/116,adw_gepn_gate_v1,Qwen/Qwen2.5-Coder-0.5B-Instruct,1,heavy,1.0,0,0,1,1,ecnn_adb,6521,1102,1102,0,0.30000000000000004,320,1798.0,259.0," _ _ _ _ _ _ _ 

x = 1

>   sorted_arr = sorted(arr, key=lambda x: (ones_count[x], x))
                                            ^^^^^^^^^^^^^
E   TypeError: 'set' object is not subscriptable

solution.py:15: TypeError
=========================== short test summary info ============================
FAILED test_solution.py::test_all - TypeError: 'set' object is not subscriptable
1 failed in 0.04s"
HumanEval/117,adw_gepn_gate_v1,Qwen/Qwen2.5-Coder-0.5B-Instruct,1,heavy,1.0,1,1,0,0,none,8457,1102,0,0,0.30000000000000004,320,2038.0,285.0,".                                                                        [100%]
1 passed in 0.01s"
HumanEval/118,adw_gepn_gate_v1,Qwen/Qwen2.5-Coder-0.5B-Instruct,1,heavy,1.0,0,0,1,1,ecnn_adb,3812,1102,1102,0,0.30000000000000004,320,1913.0,254.0,"le cases
        assert candidate(""yogurt"") == ""u""
        assert candidate(""full"") == ""u""
>       assert candidate(""easy"") == """"
E       AssertionError: assert 'a' == ''
E         
E         + a

test_solution.py:11: AssertionError
=========================== short test summary info ============================
FAILED test_solution.py::test_all - AssertionError: assert 'a' == ''
1 failed in 0.04s"
HumanEval/119,adw_gepn_gate_v1,Qwen/Qwen2.5-Coder-0.5B-Instruct,1,heavy,1.0,0,0,1,1,ecnn_adb,5897,1102,1102,0,0.30000000000000004,320,1977.0,283.0," some simple cases
>       assert candidate(['()(', ')']) == 'Yes'
E       AssertionError: assert None == 'Yes'
E        +  where None = <function match_parens at 0x7d8b0f930a40>(['()(', ')'])

test_solution.py:9: AssertionError
=========================== short test summary info ============================
FAILED test_solution.py::test_all - AssertionError: assert None == 'Yes'
1 failed in 0.04s"
HumanEval/12,adw_gepn_gate_v1,Qwen/Qwen2.5-Coder-0.5B-Instruct,1,heavy,1.0,0,0,1,1,ecnn_adb,2953,1202,1202,0,0.30000000000000004,320,1712.0,235.0,"idate
solution.py:1: in <module>
    def longest(strings: List[str]) -> Optional[str]:
                         ^^^^
E   NameError: name 'List' is not defined
=========================== short test summary info ============================
ERROR test_solution.py - NameError: name 'List' is not defined
!!!!!!!!!!!!!!!!!!!! Interrupted: 1 error during collection !!!!!!!!!!!!!!!!!!!!
1 error in 0.11s"
HumanEval/120,adw_gepn_gate_v1,Qwen/Qwen2.5-Coder-0.5B-Instruct,1,heavy,1.0,0,0,1,1,ecnn_adb,7658,1102,1202,0,0.30000000000000004,320,1949.0,291.0,"candidate
solution.py:1: in <module>
    def maximum(arr: List[int], k: int) -> List[int]:
                     ^^^^
E   NameError: name 'List' is not defined
=========================== short test summary info ============================
ERROR test_solution.py - NameError: name 'List' is not defined
!!!!!!!!!!!!!!!!!!!! Interrupted: 1 error during collection !!!!!!!!!!!!!!!!!!!!
1 error in 0.11s"
HumanEval/121,adw_gepn_gate_v1,Qwen/Qwen2.5-Coder-0.5B-Instruct,1,heavy,1.0,1,1,0,0,none,6697,1102,0,0,0.30000000000000004,320,1603.0,222.0,".                                                                        [100%]
1 passed in 0.01s"
HumanEval/122,adw_gepn_gate_v1,Qwen/Qwen2.5-Coder-0.5B-Instruct,1,heavy,1.0,0,0,1,1,ecnn_adb,9061,1101,1102,0,0.30000000000000004,320,1724.0,242.0,"      # Check some simple cases
>       assert candidate([1,-2,-3,41,57,76,87,88,99], 3) == -4
E       assert 0 == -4
E        +  where 0 = <function add_elements at 0x78fe9935ca40>([1, -2, -3, 41, 57, 76, ...], 3)

test_solution.py:9: AssertionError
=========================== short test summary info ============================
FAILED test_solution.py::test_all - assert 0 == -4
1 failed in 0.04s"
HumanEval/123,adw_gepn_gate_v1,Qwen/Qwen2.5-Coder-0.5B-Instruct,1,heavy,1.0,0,0,1,1,ecnn_adb,9031,1102,1102,0,0.30000000000000004,320,2179.0,322.0,"ert candidate(14) == [1, 5, 7, 11, 13, 17]
E       assert [3, 7, 15, 21, 31, 43] == [1, 5, 7, 11, 13, 17]
E         
E         At index 0 diff: 3 != 1
E         Use -v to get more diff

test_solution.py:9: AssertionError
=========================== short test summary info ============================
FAILED test_solution.py::test_all - assert [3, 7, 15, 21, 31, 43] == [1, 5, 7...
1 failed in 0.04s"
HumanEval/124,adw_gepn_gate_v1,Qwen/Qwen2.5-Coder-0.5B-Instruct,1,heavy,1.0,1,1,0,0,none,5850,1102,0,0,0.30000000000000004,320,2187.0,317.0,".                                                                        [100%]
1 passed in 0.01s"
HumanEval/125,adw_gepn_gate_v1,Qwen/Qwen2.5-Coder-0.5B-Instruct,1,heavy,1.0,0,0,1,1,ecnn_adb,7900,1102,1102,0,0.30000000000000004,320,1832.0,250.0,"""]
E       AssertionError: assert (['Hello', 'world!'], 4) == ['Hello', 'world!']
E         
E         At index 0 diff: ['Hello', 'world!'] != 'Hello'
E         Use -v to get more diff

test_solution.py:8: AssertionError
=========================== short test summary info ============================
FAILED test_solution.py::test_all - AssertionError: assert (['Hello', 'world!...
1 failed in 0.04s"
HumanEval/126,adw_gepn_gate_v1,Qwen/Qwen2.5-Coder-0.5B-Instruct,1,heavy,1.0,0,0,1,1,ecnn_adb,7959,1102,1102,0,0.30000000000000004,320,1912.0,279.0,"sertionError: This prints if this assert fails 5 (good for debugging!)
E       assert True == False
E        +  where True = <function is_sorted at 0x7cdd9667ca40>([1, 2, 2, 2, 3, 4])

test_solution.py:20: AssertionError
=========================== short test summary info ============================
FAILED test_solution.py::test_all - AssertionError: This prints if this asser...
1 failed in 0.04s"
HumanEval/127,adw_gepn_gate_v1,Qwen/Qwen2.5-Coder-0.5B-Instruct,1,heavy,1.0,0,0,1,1,ecnn_adb,8959,1102,1102,0,0.30000000000000004,320,2262.0,323.0,"some simple cases
>       assert candidate((1, 2), (2, 3)) == ""NO""
E       AssertionError: assert None == 'NO'
E        +  where None = <function intersection at 0x7caf326b0a40>((1, 2), (2, 3))

test_solution.py:9: AssertionError
=========================== short test summary info ============================
FAILED test_solution.py::test_all - AssertionError: assert None == 'NO'
1 failed in 0.05s"
HumanEval/128,adw_gepn_gate_v1,Qwen/Qwen2.5-Coder-0.5B-Instruct,1,heavy,1.0,1,1,0,0,none,5344,1102,0,0,0.30000000000000004,320,1723.0,243.0,".                                                                        [100%]
1 passed in 0.01s"
HumanEval/129,adw_gepn_gate_v1,Qwen/Qwen2.5-Coder-0.5B-Instruct,1,heavy,1.0,0,0,1,1,ecnn_adb,8892,1202,0,0,0.30000000000000004,320,2702.0,428.0,"SyntaxError: unterminated triple-quoted string literal (detected at line 25) (<unknown>, line 2)"
HumanEval/13,adw_gepn_gate_v1,Qwen/Qwen2.5-Coder-0.5B-Instruct,1,heavy,1.0,1,1,0,0,none,5502,1102,0,0,0.30000000000000004,320,1553.0,208.0,".                                                                        [100%]
1 passed in 0.01s"
HumanEval/130,adw_gepn_gate_v1,Qwen/Qwen2.5-Coder-0.5B-Instruct,1,heavy,1.0,0,0,1,1,ecnn_adb,8953,1302,0,0,0.30000000000000004,320,2014.0,305.0,"SyntaxError: '(' was never closed (<unknown>, line 28)"
HumanEval/131,adw_gepn_gate_v1,Qwen/Qwen2.5-Coder-0.5B-Instruct,1,heavy,1.0,1,1,0,0,none,4279,1102,0,0,0.30000000000000004,320,1549.0,213.0,".                                                                        [100%]
1 passed in 0.01s"
HumanEval/132,adw_gepn_gate_v1,Qwen/Qwen2.5-Coder-0.5B-Instruct,1,heavy,1.0,0,0,1,1,ecnn_adb,5042,1102,1102,0,0.30000000000000004,320,1814.0,241.0,"idate('[]]]]]]][[[[[]') == False
>       assert candidate('[][]') == False
E       AssertionError: assert True == False
E        +  where True = <function is_nested at 0x7f06a7410a40>('[][]')

test_solution.py:11: AssertionError
=========================== short test summary info ============================
FAILED test_solution.py::test_all - AssertionError: assert True == False
1 failed in 0.04s"
HumanEval/133,adw_gepn_gate_v1,Qwen/Qwen2.5-Coder-0.5B-Instruct,1,heavy,1.0,0,0,1,1,ecnn_adb,6861,1102,1102,0,0.30000000000000004,320,1803.0,260.0,"E       AssertionError: This prints if this assert fails 1 (good for debugging!)
E       assert 17 == 29
E        +  where 17 = <function sum_squares at 0x78e382464a40>([1.4, 4.2, 0])

test_solution.py:12: AssertionError
=========================== short test summary info ============================
FAILED test_solution.py::test_all - AssertionError: This prints if this asser...
1 failed in 0.04s"
HumanEval/134,adw_gepn_gate_v1,Qwen/Qwen2.5-Coder-0.5B-Instruct,1,heavy,1.0,0,0,1,1,ecnn_adb,6385,1102,1102,0,0.30000000000000004,320,1856.0,242.0,"mple cases
>       assert candidate(""apple"") == False
E       AssertionError: assert True == False
E        +  where True = <function check_if_last_char_is_a_letter at 0x7c5380f00ae0>('apple')

test_solution.py:9: AssertionError
=========================== short test summary info ============================
FAILED test_solution.py::test_all - AssertionError: assert True == False
1 failed in 0.04s"
HumanEval/135,adw_gepn_gate_v1,Qwen/Qwen2.5-Coder-0.5B-Instruct,1,heavy,1.0,0,0,1,1,ecnn_adb,7970,1102,1102,0,0.30000000000000004,320,1697.0,230.0,"or equal to the previous element
>           if arr[i] >= prev_element:
               ^^^^^^^^^^^^^^^^^^^^^^
E           TypeError: '>=' not supported between instances of 'int' and 'NoneType'

solution.py:18: TypeError
=========================== short test summary info ============================
FAILED test_solution.py::test_all - TypeError: '>=' not supported between ins...
1 failed in 0.04s"
HumanEval/136,adw_gepn_gate_v1,Qwen/Qwen2.5-Coder-0.5B-Instruct,1,heavy,1.0,1,1,0,0,none,7798,1102,0,0,0.30000000000000004,320,1801.0,242.0,".                                                                        [100%]
1 passed in 0.01s"
HumanEval/137,adw_gepn_gate_v1,Qwen/Qwen2.5-Coder-0.5B-Instruct,1,heavy,1.0,0,0,1,1,ecnn_adb,5821,1102,1102,0,0.30000000000000004,320,1796.0,247.0,"f isinstance(a, str):
            a = float(a)
        if isinstance(b, str):
>           b = float(b)
                ^^^^^^^^
E           ValueError: could not convert string to float: '2,3'

solution.py:17: ValueError
=========================== short test summary info ============================
FAILED test_solution.py::test_all - ValueError: could not convert string to f...
1 failed in 0.04s"
HumanEval/138,adw_gepn_gate_v1,Qwen/Qwen2.5-Coder-0.5B-Instruct,1,heavy,1.0,0,0,1,1,ecnn_adb,8955,1102,1102,0,0.30000000000000004,320,1600.0,211.0,"ert candidate(8) == True
        assert candidate(10) == True
>       assert candidate(11) == False
E       assert True == False
E        +  where True = <function is_equal_to_sum_even at 0x785dfaa10a40>(11)

test_solution.py:11: AssertionError
=========================== short test summary info ============================
FAILED test_solution.py::test_all - assert True == False
1 failed in 0.04s"
HumanEval/139,adw_gepn_gate_v1,Qwen/Qwen2.5-Coder-0.5B-Instruct,1,heavy,1.0,0,0,1,1,ecnn_adb,5693,1102,1102,0,0.30000000000000004,320,1661.0,226.0,"esult = 1
        for i in range(1, n + 1):
>           result *= math.factorial(i)
                      ^^^^
E           NameError: name 'math' is not defined. Did you forget to import 'math'

solution.py:18: NameError
=========================== short test summary info ============================
FAILED test_solution.py::test_all - NameError: name 'math' is not defined. Di...
1 failed in 0.04s"
HumanEval/14,adw_gepn_gate_v1,Qwen/Qwen2.5-Coder-0.5B-Instruct,1,heavy,1.0,1,1,0,0,none,2410,1102,0,0,0.30000000000000004,320,1546.0,209.0,".                                                                        [100%]
1 passed in 0.01s"
HumanEval/140,adw_gepn_gate_v1,Qwen/Qwen2.5-Coder-0.5B-Instruct,1,heavy,1.0,1,1,0,0,none,4315,1102,0,0,0.30000000000000004,320,1734.0,228.0,".                                                                        [100%]
1 passed in 0.01s"
HumanEval/141,adw_gepn_gate_v1,Qwen/Qwen2.5-Coder-0.5B-Instruct,1,heavy,1.0,0,0,1,1,ecnn_adb,8985,1102,1102,0,0.30000000000000004,320,2125.0,301.0,"check(candidate):
    
        # Check some simple cases
>       assert candidate(""example.txt"") == 'Yes'
E       AssertionError: assert 'No' == 'Yes'
E         
E         - Yes
E         + No

test_solution.py:9: AssertionError
=========================== short test summary info ============================
FAILED test_solution.py::test_all - AssertionError: assert 'No' == 'Yes'
1 failed in 0.05s"
HumanEval/142,adw_gepn_gate_v1,Qwen/Qwen2.5-Coder-0.5B-Instruct,1,heavy,1.0,0,0,1,1,ecnn_adb,7677,1102,1102,0,0.30000000000000004,320,1945.0,291.0,"cb20b80>

    def check(candidate):
    
        # Check some simple cases
    
>       assert candidate([1,2,3]) == 6
E       assert 1 == 6
E        +  where 1 = <function sum_squares at 0x7fea5cb20b80>([1, 2, 3])

test_solution.py:10: AssertionError
=========================== short test summary info ============================
FAILED test_solution.py::test_all - assert 1 == 6
1 failed in 0.04s"
HumanEval/143,adw_gepn_gate_v1,Qwen/Qwen2.5-Coder-0.5B-Instruct,1,heavy,1.0,0,0,1,1,ecnn_adb,8950,1202,1102,0,0.30000000000000004,320,1972.0,273.0,"le cases
>       assert candidate(""This is a test"") == ""is""
E       AssertionError: assert None == 'is'
E        +  where None = <function words_in_sentence at 0x7eb749718ae0>('This is a test')

test_solution.py:9: AssertionError
=========================== short test summary info ============================
FAILED test_solution.py::test_all - AssertionError: assert None == 'is'
1 failed in 0.04s"
HumanEval/144,adw_gepn_gate_v1,Qwen/Qwen2.5-Coder-0.5B-Instruct,1,heavy,1.0,0,0,1,1,ecnn_adb,8915,1102,1102,0,0.30000000000000004,320,1922.0,269.0,"e simple cases
>       assert candidate(""1/5"", ""5/1"") == True, 'test1'
E       AssertionError: test1
E       assert False == True
E        +  where False = <function simplify at 0x7928e3714900>('1/5', '5/1')

test_solution.py:9: AssertionError
=========================== short test summary info ============================
FAILED test_solution.py::test_all - AssertionError: test1
1 failed in 0.04s"
HumanEval/145,adw_gepn_gate_v1,Qwen/Qwen2.5-Coder-0.5B-Instruct,1,heavy,1.0,0,0,1,1,ecnn_adb,6133,1202,1102,0,0.30000000000000004,320,1750.0,243.0," _ _ 

x = 1

>   nums.sort(key=lambda x: (sum(int(digit) for digit in str(x)), nums.index(x)))
                                                                  ^^^^^^^^^^^^^
E   ValueError: 1 is not in list

solution.py:12: ValueError
=========================== short test summary info ============================
FAILED test_solution.py::test_all - ValueError: 1 is not in list
1 failed in 0.04s"
HumanEval/146,adw_gepn_gate_v1,Qwen/Qwen2.5-Coder-0.5B-Instruct,1,heavy,1.0,1,1,0,0,none,8840,1102,0,0,0.30000000000000004,320,1696.0,240.0,".                                                                        [100%]
1 passed in 0.01s"
HumanEval/147,adw_gepn_gate_v1,Qwen/Qwen2.5-Coder-0.5B-Instruct,1,heavy,1.0,0,0,1,1,ecnn_adb,7336,1102,1102,0,0.30000000000000004,320,1818.0,272.0,"

candidate = <function get_max_triples at 0x7cc351d18900>

    def check(candidate):
    
>       assert candidate(5) == 1
E       assert 4 == 1
E        +  where 4 = <function get_max_triples at 0x7cc351d18900>(5)

test_solution.py:8: AssertionError
=========================== short test summary info ============================
FAILED test_solution.py::test_all - assert 4 == 1
1 failed in 0.04s"
HumanEval/148,adw_gepn_gate_v1,Qwen/Qwen2.5-Coder-0.5B-Instruct,1,heavy,1.0,0,0,1,1,ecnn_adb,9004,1202,0,0,0.30000000000000004,320,2111.0,289.0,"SyntaxError: expected an indented block after 'if' statement on line 25 (<unknown>, line 25)"
HumanEval/149,adw_gepn_gate_v1,Qwen/Qwen2.5-Coder-0.5B-Instruct,1,heavy,1.0,1,1,0,0,none,7123,1102,0,0,0.30000000000000004,320,2112.0,304.0,".                                                                        [100%]
1 passed in 0.01s"
HumanEval/15,adw_gepn_gate_v1,Qwen/Qwen2.5-Coder-0.5B-Instruct,1,heavy,1.0,0,0,1,1,ecnn_adb,2344,1102,1102,0,0.30000000000000004,320,1561.0,209.0,"andidate):
        assert candidate(0) == '0'
>       assert candidate(3) == '0 1 2 3'
E       AssertionError: assert '0123' == '0 1 2 3'
E         
E         - 0 1 2 3
E         + 0123

test_solution.py:16: AssertionError
=========================== short test summary info ============================
FAILED test_solution.py::test_all - AssertionError: assert '0123' == '0 1 2 3'
1 failed in 0.04s"
HumanEval/150,adw_gepn_gate_v1,Qwen/Qwen2.5-Coder-0.5B-Instruct,1,heavy,1.0,1,1,0,0,none,5112,1102,0,0,0.30000000000000004,320,1579.0,222.0,".                                                                        [100%]
1 passed in 0.01s"
HumanEval/151,adw_gepn_gate_v1,Qwen/Qwen2.5-Coder-0.5B-Instruct,1,heavy,1.0,0,0,1,1,ecnn_adb,5331,1102,1102,0,0.30000000000000004,320,1777.0,244.0,"sertionError: This prints if this assert fails 5 (also good for debugging!)
E       assert 1 == 0
E        +  where 1 = <function double_the_difference at 0x796eba28ca40>([-1, -2, 8])

test_solution.py:16: AssertionError
=========================== short test summary info ============================
FAILED test_solution.py::test_all - AssertionError: This prints if this asser...
1 failed in 0.04s"
HumanEval/152,adw_gepn_gate_v1,Qwen/Qwen2.5-Coder-0.5B-Instruct,1,heavy,1.0,0,0,1,1,ecnn_adb,8980,1202,0,0,0.30000000000000004,320,2130.0,296.0,"SyntaxError: '[' was never closed (<unknown>, line 24)"
HumanEval/153,adw_gepn_gate_v1,Qwen/Qwen2.5-Coder-0.5B-Instruct,1,heavy,1.0,1,1,0,0,none,4196,1102,0,0,0.30000000000000004,320,2389.0,335.0,".                                                                        [100%]
1 passed in 0.01s"
HumanEval/154,adw_gepn_gate_v1,Qwen/Qwen2.5-Coder-0.5B-Instruct,1,heavy,1.0,1,1,0,0,none,5790,1102,0,0,0.30000000000000004,320,1783.0,228.0,".                                                                        [100%]
1 passed in 0.01s"
HumanEval/155,adw_gepn_gate_v1,Qwen/Qwen2.5-Coder-0.5B-Instruct,1,heavy,1.0,0,0,1,1,ecnn_adb,8991,1202,1102,0,0.30000000000000004,320,1544.0,205.0,"n num_str:
            # Check if the character is an even digit
>           if int(char) % 2 == 0:
               ^^^^^^^^^
E           ValueError: invalid literal for int() with base 10: '-'

solution.py:18: ValueError
=========================== short test summary info ============================
FAILED test_solution.py::test_all - ValueError: invalid literal for int() wit...
1 failed in 0.04s"
HumanEval/156,adw_gepn_gate_v1,Qwen/Qwen2.5-Coder-0.5B-Instruct,1,heavy,1.0,0,0,1,1,ecnn_adb,9000,15018,15019,0,0.30000000000000004,320,1668.0,220.0,TimeoutError: Execution exceeded limit
HumanEval/157,adw_gepn_gate_v1,Qwen/Qwen2.5-Coder-0.5B-Instruct,1,heavy,1.0,1,1,0,0,none,4083,1102,0,0,0.30000000000000004,320,1719.0,235.0,".                                                                        [100%]
1 passed in 0.01s"
HumanEval/158,adw_gepn_gate_v1,Qwen/Qwen2.5-Coder-0.5B-Instruct,1,heavy,1.0,1,1,0,0,none,6607,1102,0,0,0.30000000000000004,320,1807.0,238.0,".                                                                        [100%]
1 passed in 0.01s"
HumanEval/159,adw_gepn_gate_v1,Qwen/Qwen2.5-Coder-0.5B-Instruct,1,heavy,1.0,0,0,1,1,ecnn_adb,8976,1102,1102,0,0.30000000000000004,320,2307.0,339.0,"(good for debugging!)""
>       assert candidate(5, 6, 10) == [11, 4], ""Error""
E       AssertionError: Error
E       assert None == [11, 4]
E        +  where None = <function eat at 0x7d923a6bca40>(5, 6, 10)

test_solution.py:10: AssertionError
=========================== short test summary info ============================
FAILED test_solution.py::test_all - AssertionError: Error
1 failed in 0.04s"
HumanEval/16,adw_gepn_gate_v1,Qwen/Qwen2.5-Coder-0.5B-Instruct,1,heavy,1.0,1,1,0,0,none,3398,1102,0,0,0.30000000000000004,320,1598.0,209.0,".                                                                        [100%]
1 passed in 0.01s"
HumanEval/160,adw_gepn_gate_v1,Qwen/Qwen2.5-Coder-0.5B-Instruct,1,heavy,1.0,0,0,1,1,ecnn_adb,8936,1102,1102,0,0.30000000000000004,320,2154.0,310.0,"  assert candidate(['**', '*', '+'], [2, 3, 4, 5]) == 37
E       AssertionError: assert None == 37
E        +  where None = <function do_algebra at 0x7d737b380a40>(['**', '*', '+'], [2, 3, 4, 5])

test_solution.py:9: AssertionError
=========================== short test summary info ============================
FAILED test_solution.py::test_all - AssertionError: assert None == 37
1 failed in 0.04s"
HumanEval/161,adw_gepn_gate_v1,Qwen/Qwen2.5-Coder-0.5B-Instruct,1,heavy,1.0,0,0,1,1,ecnn_adb,4858,1102,1102,0,0.30000000000000004,320,1703.0,236.0,"ple cases
        assert candidate(""AsDf"") == ""aSdF""
>       assert candidate(""1234"") == ""4321""
E       AssertionError: assert '1234' == '4321'
E         
E         - 4321
E         + 1234

test_solution.py:10: AssertionError
=========================== short test summary info ============================
FAILED test_solution.py::test_all - AssertionError: assert '1234' == '4321'
1 failed in 0.04s"
HumanEval/162,adw_gepn_gate_v1,Qwen/Qwen2.5-Coder-0.5B-Instruct,1,heavy,1.0,1,1,0,0,none,2996,1102,0,0,0.30000000000000004,320,1567.0,207.0,".                                                                        [100%]
1 passed in 0.01s"
HumanEval/163,adw_gepn_gate_v1,Qwen/Qwen2.5-Coder-0.5B-Instruct,1,heavy,1.0,0,0,1,1,ecnn_adb,6608,1102,1102,0,0.30000000000000004,320,1635.0,222.0,"ate(10, 2) == [2, 4, 6, 8], ""Test 2""
E       AssertionError: Test 2
E       assert [] == [2, 4, 6, 8]
E         
E         Right contains 4 more items, first extra item: 2
E         Use -v to get more diff

test_solution.py:10: AssertionError
=========================== short test summary info ============================
FAILED test_solution.py::test_all - AssertionError: Test 2
1 failed in 0.04s"
HumanEval/17,adw_gepn_gate_v1,Qwen/Qwen2.5-Coder-0.5B-Instruct,1,heavy,1.0,1,1,0,0,none,8471,1102,0,0,0.30000000000000004,320,1869.0,275.0,".                                                                        [100%]
1 passed in 0.01s"
HumanEval/18,adw_gepn_gate_v1,Qwen/Qwen2.5-Coder-0.5B-Instruct,1,heavy,1.0,1,1,0,0,none,4238,1102,0,0,0.30000000000000004,320,1637.0,217.0,".                                                                        [100%]
1 passed in 0.01s"
HumanEval/19,adw_gepn_gate_v1,Qwen/Qwen2.5-Coder-0.5B-Instruct,1,heavy,1.0,0,0,1,1,ecnn_adb,8962,1102,1102,0,0.30000000000000004,320,1703.0,230.0,"ine') == 'three five nine'
E       AssertionError: assert 'threefivenine' == 'three five nine'
E         
E         - three five nine
E         ?      -    -
E         + threefivenine

test_solution.py:17: AssertionError
=========================== short test summary info ============================
FAILED test_solution.py::test_all - AssertionError: assert 'threefivenine' ==...
1 failed in 0.04s"
HumanEval/2,adw_gepn_gate_v1,Qwen/Qwen2.5-Coder-0.5B-Instruct,1,heavy,1.0,1,1,0,0,none,4519,1102,0,0,0.30000000000000004,320,1667.0,225.0,".                                                                        [100%]
1 passed in 0.01s"
HumanEval/20,adw_gepn_gate_v1,Qwen/Qwen2.5-Coder-0.5B-Instruct,1,heavy,1.0,1,1,0,0,none,8636,1102,0,0,0.30000000000000004,320,1793.0,241.0,".                                                                        [100%]
1 passed in 0.01s"
HumanEval/21,adw_gepn_gate_v1,Qwen/Qwen2.5-Coder-0.5B-Instruct,1,heavy,1.0,1,1,0,0,none,8504,1102,0,0,0.30000000000000004,320,1670.0,229.0,".                                                                        [100%]
1 passed in 0.01s"
HumanEval/22,adw_gepn_gate_v1,Qwen/Qwen2.5-Coder-0.5B-Instruct,1,heavy,1.0,1,1,0,0,none,2954,1102,0,0,0.30000000000000004,320,1601.0,217.0,".                                                                        [100%]
1 passed in 0.01s"
HumanEval/23,adw_gepn_gate_v1,Qwen/Qwen2.5-Coder-0.5B-Instruct,1,heavy,1.0,1,1,0,0,none,1915,1102,0,0,0.30000000000000004,320,1509.0,201.0,".                                                                        [100%]
1 passed in 0.01s"
HumanEval/24,adw_gepn_gate_v1,Qwen/Qwen2.5-Coder-0.5B-Instruct,1,heavy,1.0,1,1,0,0,none,3349,1102,0,0,0.30000000000000004,320,1523.0,207.0,".                                                                        [100%]
1 passed in 0.01s"
HumanEval/25,adw_gepn_gate_v1,Qwen/Qwen2.5-Coder-0.5B-Instruct,1,heavy,1.0,1,1,0,0,none,4927,1102,0,0,0.30000000000000004,320,1791.0,247.0,".                                                                        [100%]
1 passed in 0.01s"
HumanEval/26,adw_gepn_gate_v1,Qwen/Qwen2.5-Coder-0.5B-Instruct,1,heavy,1.0,1,1,0,0,none,3861,1102,0,0,0.30000000000000004,320,1631.0,226.0,".                                                                        [100%]
1 passed in 0.01s"
HumanEval/27,adw_gepn_gate_v1,Qwen/Qwen2.5-Coder-0.5B-Instruct,1,heavy,1.0,0,0,1,1,ecnn_adb,2663,1102,1102,0,0.30000000000000004,320,1532.0,208.0,"') == ''
>       assert candidate('Hello!') == 'hELLO!'
E       AssertionError: assert 'HELLO!' == 'hELLO!'
E         
E         - hELLO!
E         ? ^
E         + HELLO!
E         ? ^

test_solution.py:16: AssertionError
=========================== short test summary info ============================
FAILED test_solution.py::test_all - AssertionError: assert 'HELLO!' == 'hELLO!'
1 failed in 0.04s"
HumanEval/28,adw_gepn_gate_v1,Qwen/Qwen2.5-Coder-0.5B-Instruct,1,heavy,1.0,1,1,0,0,none,4029,1102,0,0,0.30000000000000004,320,1549.0,207.0,".                                                                        [100%]
1 passed in 0.01s"
HumanEval/29,adw_gepn_gate_v1,Qwen/Qwen2.5-Coder-0.5B-Instruct,1,heavy,1.0,1,1,0,0,none,2830,1102,0,0,0.30000000000000004,320,1654.0,219.0,".                                                                        [100%]
1 passed in 0.01s"
HumanEval/3,adw_gepn_gate_v1,Qwen/Qwen2.5-Coder-0.5B-Instruct,1,heavy,1.0,1,1,0,0,none,4169,1102,0,0,0.30000000000000004,320,1768.0,246.0,".                                                                        [100%]
1 passed in 0.01s"
HumanEval/30,adw_gepn_gate_v1,Qwen/Qwen2.5-Coder-0.5B-Instruct,1,heavy,1.0,1,1,0,0,none,3673,1102,0,0,0.30000000000000004,320,1562.0,219.0,".                                                                        [100%]
1 passed in 0.01s"
HumanEval/31,adw_gepn_gate_v1,Qwen/Qwen2.5-Coder-0.5B-Instruct,1,heavy,1.0,1,1,0,0,none,5218,1102,0,0,0.30000000000000004,320,1685.0,218.0,".                                                                        [100%]
1 passed in 0.01s"
HumanEval/32,adw_gepn_gate_v1,Qwen/Qwen2.5-Coder-0.5B-Instruct,1,heavy,1.0,0,0,1,1,ecnn_adb,8890,1102,1202,0,0.30000000000000004,320,2110.0,312.0,"^^^^^^^^^^
test_solution.py:5: in <module>
    from solution import find_zero as candidate
E   ImportError: cannot import name 'find_zero' from 'solution' (/tmp/heval_find_zero_nlirlu0w/solution.py)
=========================== short test summary info ============================
ERROR test_solution.py
!!!!!!!!!!!!!!!!!!!! Interrupted: 1 error during collection !!!!!!!!!!!!!!!!!!!!
1 error in 0.11s"
HumanEval/33,adw_gepn_gate_v1,Qwen/Qwen2.5-Coder-0.5B-Instruct,1,heavy,1.0,0,0,1,1,ecnn_adb,7526,1102,1102,0,0.30000000000000004,320,1762.0,257.0,">       assert tuple(candidate([1, 2, 3])) == tuple(sort_third([1, 2, 3]))
                                                    ^^^^^^^^^^
E       NameError: name 'sort_third' is not defined

test_solution.py:12: NameError
=========================== short test summary info ============================
FAILED test_solution.py::test_all - NameError: name 'sort_third' is not defined
1 failed in 0.04s"
HumanEval/34,adw_gepn_gate_v1,Qwen/Qwen2.5-Coder-0.5B-Instruct,1,heavy,1.0,1,1,0,0,none,3276,1102,0,0,0.30000000000000004,320,1485.0,207.0,".                                                                        [100%]
1 passed in 0.01s"
HumanEval/35,adw_gepn_gate_v1,Qwen/Qwen2.5-Coder-0.5B-Instruct,1,heavy,1.0,1,1,0,0,none,3723,1102,0,0,0.30000000000000004,320,1527.0,207.0,".                                                                        [100%]
1 passed in 0.01s"
HumanEval/36,adw_gepn_gate_v1,Qwen/Qwen2.5-Coder-0.5B-Instruct,1,heavy,1.0,1,1,0,0,none,5116,1102,0,0,0.30000000000000004,320,1548.0,211.0,".                                                                        [100%]
1 passed in 0.02s"
HumanEval/37,adw_gepn_gate_v1,Qwen/Qwen2.5-Coder-0.5B-Instruct,1,heavy,1.0,0,0,1,1,ecnn_adb,7744,1102,1102,0,0.30000000000000004,320,1677.0,242.0,", 2, -3, 3, 5, 0, 9, 1, 123])
E       assert (-10, 3, -3, 2, 1, 3, ...) == (-10, 3, -5, 2, -3, 3, ...)
E         
E         At index 2 diff: -3 != -5
E         Use -v to get more diff

test_solution.py:13: AssertionError
=========================== short test summary info ============================
FAILED test_solution.py::test_all - assert (-10, 3, -3, 2, 1, 3, ...) == (-10...
1 failed in 0.04s"
HumanEval/38,adw_gepn_gate_v1,Qwen/Qwen2.5-Coder-0.5B-Instruct,1,heavy,1.0,0,0,1,1,ecnn_adb,8264,1102,1102,0,0.30000000000000004,320,1903.0,267.0,"ce(letters) for i in range(randint(10, 20)))
>           encoded_str = encode_cyclic(str)
                          ^^^^^^^^^^^^^
E           NameError: name 'encode_cyclic' is not defined

test_solution.py:18: NameError
=========================== short test summary info ============================
FAILED test_solution.py::test_all - NameError: name 'encode_cyclic' is not de...
1 failed in 0.04s"
HumanEval/39,adw_gepn_gate_v1,Qwen/Qwen2.5-Coder-0.5B-Instruct,1,heavy,1.0,0,0,1,1,ecnn_adb,4200,1102,1102,0,0.30000000000000004,320,1596.0,213.0,"_ _ _ _ _ _ _ _ 

candidate = <function prime_fib at 0x7b839f394a40>

    def check(candidate):
>       assert candidate(1) == 2
E       assert 0 == 2
E        +  where 0 = <function prime_fib at 0x7b839f394a40>(1)

test_solution.py:12: AssertionError
=========================== short test summary info ============================
FAILED test_solution.py::test_all - assert 0 == 2
1 failed in 0.04s"
HumanEval/4,adw_gepn_gate_v1,Qwen/Qwen2.5-Coder-0.5B-Instruct,1,heavy,1.0,0,0,1,1,ecnn_adb,4612,1304,1202,0,0.30000000000000004,320,1766.0,240.0,"odule>
    def mean_absolute_deviation(numbers: List[float]) -> float:
                                         ^^^^
E   NameError: name 'List' is not defined
=========================== short test summary info ============================
ERROR test_solution.py - NameError: name 'List' is not defined
!!!!!!!!!!!!!!!!!!!! Interrupted: 1 error during collection !!!!!!!!!!!!!!!!!!!!
1 error in 0.11s"
HumanEval/40,adw_gepn_gate_v1,Qwen/Qwen2.5-Coder-0.5B-Instruct,1,heavy,1.0,1,1,0,0,none,8906,1102,0,0,0.30000000000000004,320,1820.0,242.0,".                                                                        [100%]
1 passed in 0.01s"
HumanEval/41,adw_gepn_gate_v1,Qwen/Qwen2.5-Coder-0.5B-Instruct,1,heavy,1.0,0,0,1,1,ecnn_adb,8956,1202,1102,0,0.30000000000000004,320,1989.0,286.0,"candidate = <function car_race_collision at 0x7aec748cca40>

    def check(candidate):
>       assert candidate(2) == 4
E       assert 0 == 4
E        +  where 0 = <function car_race_collision at 0x7aec748cca40>(2)

test_solution.py:12: AssertionError
=========================== short test summary info ============================
FAILED test_solution.py::test_all - assert 0 == 4
1 failed in 0.04s"
HumanEval/42,adw_gepn_gate_v1,Qwen/Qwen2.5-Coder-0.5B-Instruct,1,heavy,1.0,1,1,0,0,none,3473,1102,0,0,0.30000000000000004,320,1548.0,217.0,".                                                                        [100%]
1 passed in 0.01s"
HumanEval/43,adw_gepn_gate_v1,Qwen/Qwen2.5-Coder-0.5B-Instruct,1,heavy,1.0,1,1,0,0,none,5269,1102,0,0,0.30000000000000004,320,1804.0,240.0,".                                                                        [100%]
1 passed in 0.01s"
HumanEval/44,adw_gepn_gate_v1,Qwen/Qwen2.5-Coder-0.5B-Instruct,1,heavy,1.0,1,1,0,0,none,5145,1102,0,0,0.30000000000000004,320,1620.0,216.0,".                                                                        [100%]
1 passed in 0.01s"
HumanEval/45,adw_gepn_gate_v1,Qwen/Qwen2.5-Coder-0.5B-Instruct,1,heavy,1.0,1,1,0,0,none,4966,1102,0,0,0.30000000000000004,320,1470.0,200.0,".                                                                        [100%]
1 passed in 0.01s"
HumanEval/46,adw_gepn_gate_v1,Qwen/Qwen2.5-Coder-0.5B-Instruct,1,heavy,1.0,1,1,0,0,none,8948,1102,0,0,0.30000000000000004,320,1829.0,252.0,".                                                                        [100%]
1 passed in 0.01s"
HumanEval/47,adw_gepn_gate_v1,Qwen/Qwen2.5-Coder-0.5B-Instruct,1,heavy,1.0,0,0,1,1,ecnn_adb,5431,1102,1102,0,0.30000000000000004,320,1519.0,208.0,"idate = <function median at 0x7e0f137c4a40>

    def check(candidate):
>       assert candidate([3, 1, 2, 4, 5]) == 3
E       assert 2 == 3
E        +  where 2 = <function median at 0x7e0f137c4a40>([3, 1, 2, 4, 5])

test_solution.py:12: AssertionError
=========================== short test summary info ============================
FAILED test_solution.py::test_all - assert 2 == 3
1 failed in 0.04s"
HumanEval/48,adw_gepn_gate_v1,Qwen/Qwen2.5-Coder-0.5B-Instruct,1,heavy,1.0,1,1,0,0,none,3440,1102,0,0,0.30000000000000004,320,1580.0,204.0,".                                                                        [100%]
1 passed in 0.01s"
HumanEval/49,adw_gepn_gate_v1,Qwen/Qwen2.5-Coder-0.5B-Instruct,1,heavy,1.0,0,0,1,1,ecnn_adb,4829,1102,1102,0,0.30000000000000004,320,1566.0,213.0,"_ _ _ _ _ _ _ _ _ _ 

candidate = <function modp at 0x7a81387aca40>

    def check(candidate):
>       assert candidate(3, 5) == 3
E       assert 4 == 3
E        +  where 4 = <function modp at 0x7a81387aca40>(3, 5)

test_solution.py:12: AssertionError
=========================== short test summary info ============================
FAILED test_solution.py::test_all - assert 4 == 3
1 failed in 0.04s"
HumanEval/5,adw_gepn_gate_v1,Qwen/Qwen2.5-Coder-0.5B-Instruct,1,heavy,1.0,0,0,1,1,ecnn_adb,3694,1202,1202,0,0.30000000000000004,320,1623.0,220.0," in <module>
    def intersperse(numbers: List[int], delimeter: int) -> List[int]:
                             ^^^^
E   NameError: name 'List' is not defined
=========================== short test summary info ============================
ERROR test_solution.py - NameError: name 'List' is not defined
!!!!!!!!!!!!!!!!!!!! Interrupted: 1 error during collection !!!!!!!!!!!!!!!!!!!!
1 error in 0.11s"
HumanEval/50,adw_gepn_gate_v1,Qwen/Qwen2.5-Coder-0.5B-Instruct,1,heavy,1.0,0,0,1,1,ecnn_adb,5010,1102,1102,0,0.30000000000000004,320,1669.0,227.0,"hoice(letters) for i in range(randint(10, 20)))
>           encoded_str = encode_shift(str)
                          ^^^^^^^^^^^^
E           NameError: name 'encode_shift' is not defined

test_solution.py:19: NameError
=========================== short test summary info ============================
FAILED test_solution.py::test_all - NameError: name 'encode_shift' is not def...
1 failed in 0.04s"
HumanEval/51,adw_gepn_gate_v1,Qwen/Qwen2.5-Coder-0.5B-Instruct,1,heavy,1.0,1,1,0,0,none,6307,1102,0,0,0.30000000000000004,320,1718.0,214.0,".                                                                        [100%]
1 passed in 0.01s"
HumanEval/52,adw_gepn_gate_v1,Qwen/Qwen2.5-Coder-0.5B-Instruct,1,heavy,1.0,1,1,0,0,none,2773,1102,0,0,0.30000000000000004,320,1567.0,212.0,".                                                                        [100%]
1 passed in 0.01s"
HumanEval/53,adw_gepn_gate_v1,Qwen/Qwen2.5-Coder-0.5B-Instruct,1,heavy,1.0,1,1,0,0,none,4048,1102,0,0,0.30000000000000004,320,1435.0,197.0,".                                                                        [100%]
1 passed in 0.01s"
HumanEval/54,adw_gepn_gate_v1,Qwen/Qwen2.5-Coder-0.5B-Instruct,1,heavy,1.0,1,1,0,0,none,3475,1102,0,0,0.30000000000000004,320,1763.0,219.0,".                                                                        [100%]
1 passed in 0.01s"
HumanEval/55,adw_gepn_gate_v1,Qwen/Qwen2.5-Coder-0.5B-Instruct,1,heavy,1.0,1,1,0,0,none,3937,1102,0,0,0.30000000000000004,320,1506.0,200.0,".                                                                        [100%]
1 passed in 0.01s"
HumanEval/56,adw_gepn_gate_v1,Qwen/Qwen2.5-Coder-0.5B-Instruct,1,heavy,1.0,1,1,0,0,none,5134,1102,0,0,0.30000000000000004,320,1699.0,217.0,".                                                                        [100%]
1 passed in 0.01s"
HumanEval/57,adw_gepn_gate_v1,Qwen/Qwen2.5-Coder-0.5B-Instruct,1,heavy,1.0,1,1,0,0,none,4598,1102,0,0,0.30000000000000004,320,1585.0,209.0,".                                                                        [100%]
1 passed in 0.01s"
HumanEval/58,adw_gepn_gate_v1,Qwen/Qwen2.5-Coder-0.5B-Instruct,1,heavy,1.0,1,1,0,0,none,5325,1102,0,0,0.30000000000000004,320,1580.0,223.0,".                                                                        [100%]
1 passed in 0.01s"
HumanEval/59,adw_gepn_gate_v1,Qwen/Qwen2.5-Coder-0.5B-Instruct,1,heavy,1.0,0,0,1,1,ecnn_adb,6719,1102,1102,0,0.30000000000000004,320,1559.0,211.0,"ate = <function largest_prime_factor at 0x78a5d9200900>

    def check(candidate):
>       assert candidate(15) == 5
E       assert 3 == 5
E        +  where 3 = <function largest_prime_factor at 0x78a5d9200900>(15)

test_solution.py:12: AssertionError
=========================== short test summary info ============================
FAILED test_solution.py::test_all - assert 3 == 5
1 failed in 0.04s"
HumanEval/6,adw_gepn_gate_v1,Qwen/Qwen2.5-Coder-0.5B-Instruct,1,heavy,1.0,1,1,0,0,none,6149,1102,0,0,0.30000000000000004,320,1772.0,241.0,".                                                                        [100%]
1 passed in 0.01s"
HumanEval/60,adw_gepn_gate_v1,Qwen/Qwen2.5-Coder-0.5B-Instruct,1,heavy,1.0,1,1,0,0,none,3740,1102,0,0,0.30000000000000004,320,1576.0,209.0,".                                                                        [100%]
1 passed in 0.01s"
HumanEval/61,adw_gepn_gate_v1,Qwen/Qwen2.5-Coder-0.5B-Instruct,1,heavy,1.0,1,1,0,0,none,8526,1102,0,0,0.30000000000000004,320,1668.0,213.0,".                                                                        [100%]
1 passed in 0.01s"
HumanEval/62,adw_gepn_gate_v1,Qwen/Qwen2.5-Coder-0.5B-Instruct,1,heavy,1.0,0,0,1,1,ecnn_adb,2737,1102,1202,0,0.30000000000000004,320,1618.0,227.0," as candidate
solution.py:1: in <module>
    def derivative(xs: List[int]) -> List[int]:
                       ^^^^
E   NameError: name 'List' is not defined
=========================== short test summary info ============================
ERROR test_solution.py - NameError: name 'List' is not defined
!!!!!!!!!!!!!!!!!!!! Interrupted: 1 error during collection !!!!!!!!!!!!!!!!!!!!
1 error in 0.11s"
HumanEval/63,adw_gepn_gate_v1,Qwen/Qwen2.5-Coder-0.5B-Instruct,1,heavy,1.0,1,1,0,0,none,8941,1102,0,0,0.30000000000000004,320,1763.0,240.0,".                                                                        [100%]
1 passed in 0.01s"
HumanEval/64,adw_gepn_gate_v1,Qwen/Qwen2.5-Coder-0.5B-Instruct,1,heavy,1.0,1,1,0,0,none,4643,1102,0,0,0.30000000000000004,320,1767.0,247.0,".                                                                        [100%]
1 passed in 0.01s"
HumanEval/65,adw_gepn_gate_v1,Qwen/Qwen2.5-Coder-0.5B-Instruct,1,heavy,1.0,1,1,0,0,none,7802,1102,0,0,0.30000000000000004,320,1616.0,219.0,".                                                                        [100%]
1 passed in 0.01s"
HumanEval/66,adw_gepn_gate_v1,Qwen/Qwen2.5-Coder-0.5B-Instruct,1,heavy,1.0,1,1,0,0,none,7282,1102,0,0,0.30000000000000004,320,1695.0,223.0,".                                                                        [100%]
1 passed in 0.01s"
HumanEval/67,adw_gepn_gate_v1,Qwen/Qwen2.5-Coder-0.5B-Instruct,1,heavy,1.0,1,1,0,0,none,2247,1102,0,0,0.30000000000000004,320,2142.0,312.0,".                                                                        [100%]
1 passed in 0.01s"
HumanEval/68,adw_gepn_gate_v1,Qwen/Qwen2.5-Coder-0.5B-Instruct,1,heavy,1.0,0,0,1,1,ecnn_adb,8947,1102,1102,0,0.30000000000000004,320,2518.0,361.0,"(good for debugging!)""
>       assert candidate([4,2,3]) == [2, 1], ""Error""
E       AssertionError: Error
E       assert None == [2, 1]
E        +  where None = <function pluck at 0x7ae322928a40>([4, 2, 3])

test_solution.py:10: AssertionError
=========================== short test summary info ============================
FAILED test_solution.py::test_all - AssertionError: Error
1 failed in 0.04s"
HumanEval/69,adw_gepn_gate_v1,Qwen/Qwen2.5-Coder-0.5B-Instruct,1,heavy,1.0,1,1,0,0,none,4055,1102,0,0,0.30000000000000004,320,1827.0,267.0,".                                                                        [100%]
1 passed in 0.02s"
HumanEval/7,adw_gepn_gate_v1,Qwen/Qwen2.5-Coder-0.5B-Instruct,1,heavy,1.0,1,1,0,0,none,3162,1102,0,0,0.30000000000000004,320,1672.0,218.0,".                                                                        [100%]
1 passed in 0.01s"
HumanEval/70,adw_gepn_gate_v1,Qwen/Qwen2.5-Coder-0.5B-Instruct,1,heavy,1.0,0,0,1,1,ecnn_adb,5449,1102,1102,0,0.30000000000000004,320,1705.0,233.0," 3, 4]) == [1, 4, 2, 3]
E       assert [1, 1, 2, 3, 4] == [1, 4, 2, 3]
E         
E         At index 1 diff: 1 != 4
E         Left contains one more item: 4
E         Use -v to get more diff

test_solution.py:9: AssertionError
=========================== short test summary info ============================
FAILED test_solution.py::test_all - assert [1, 1, 2, 3, 4] == [1, 4, 2, 3]
1 failed in 0.04s"
HumanEval/71,adw_gepn_gate_v1,Qwen/Qwen2.5-Coder-0.5B-Instruct,1,heavy,1.0,1,1,0,0,none,5046,1102,0,0,0.30000000000000004,320,1755.0,248.0,".                                                                        [100%]
1 passed in 0.01s"
HumanEval/72,adw_gepn_gate_v1,Qwen/Qwen2.5-Coder-0.5B-Instruct,1,heavy,1.0,1,1,0,0,none,8451,1102,0,0,0.30000000000000004,320,2065.0,297.0,".                                                                        [100%]
1 passed in 0.01s"
HumanEval/73,adw_gepn_gate_v1,Qwen/Qwen2.5-Coder-0.5B-Instruct,1,heavy,1.0,1,1,0,0,none,7496,1102,0,0,0.30000000000000004,320,1792.0,250.0,".                                                                        [100%]
1 passed in 0.01s"
HumanEval/74,adw_gepn_gate_v1,Qwen/Qwen2.5-Coder-0.5B-Instruct,1,heavy,1.0,1,1,0,0,none,8930,1102,0,0,0.30000000000000004,320,1945.0,268.0,".                                                                        [100%]
1 passed in 0.01s"
HumanEval/75,adw_gepn_gate_v1,Qwen/Qwen2.5-Coder-0.5B-Instruct,1,heavy,1.0,0,0,1,1,ecnn_adb,7853,1102,1102,0,0.30000000000000004,320,1645.0,224.0,"  def check(candidate):
    
        assert candidate(5) == False
>       assert candidate(30) == True
E       assert False == True
E        +  where False = <function is_multiply_prime at 0x7b0b91990900>(30)

test_solution.py:9: AssertionError
=========================== short test summary info ============================
FAILED test_solution.py::test_all - assert False == True
1 failed in 0.04s"
HumanEval/76,adw_gepn_gate_v1,Qwen/Qwen2.5-Coder-0.5B-Instruct,1,heavy,1.0,1,1,0,0,none,5203,1102,0,0,0.30000000000000004,320,1762.0,244.0,".                                                                        [100%]
1 passed in 0.01s"
HumanEval/77,adw_gepn_gate_v1,Qwen/Qwen2.5-Coder-0.5B-Instruct,1,heavy,1.0,0,0,1,1,ecnn_adb,6150,1102,1102,0,0.30000000000000004,320,1701.0,232.0,"ue, ""Third test error: "" + str(candidate(-1))
E       AssertionError: Third test error: False
E       assert False == True
E        +  where False = <function iscube at 0x7f551bc28a40>(-1)

test_solution.py:11: AssertionError
=========================== short test summary info ============================
FAILED test_solution.py::test_all - AssertionError: Third test error: False
1 failed in 0.04s"
HumanEval/78,adw_gepn_gate_v1,Qwen/Qwen2.5-Coder-0.5B-Instruct,1,heavy,1.0,0,0,1,1,ecnn_adb,8977,1102,1102,0,0.30000000000000004,320,2263.0,345.0," == 1, ""First test error: "" + str(candidate(""AB""))
E       AssertionError: First test error: None
E       assert None == 1
E        +  where None = <function hex_key at 0x786bff2f8a40>('AB')

test_solution.py:9: AssertionError
=========================== short test summary info ============================
FAILED test_solution.py::test_all - AssertionError: First test error: None
1 failed in 0.04s"
HumanEval/79,adw_gepn_gate_v1,Qwen/Qwen2.5-Coder-0.5B-Instruct,1,heavy,1.0,0,0,1,1,ecnn_adb,4961,1102,1102,0,0.30000000000000004,320,1896.0,263.0,"e):
    
        # Check some simple cases
>       assert candidate(0) == ""db0db""
E       AssertionError: assert '0db' == 'db0db'
E         
E         - db0db
E         ? --
E         + 0db

test_solution.py:9: AssertionError
=========================== short test summary info ============================
FAILED test_solution.py::test_all - AssertionError: assert '0db' == 'db0db'
1 failed in 0.04s"
HumanEval/8,adw_gepn_gate_v1,Qwen/Qwen2.5-Coder-0.5B-Instruct,1,heavy,1.0,1,1,0,0,none,4377,1102,0,0,0.30000000000000004,320,1708.0,242.0,".                                                                        [100%]
1 passed in 0.01s"
HumanEval/80,adw_gepn_gate_v1,Qwen/Qwen2.5-Coder-0.5B-Instruct,1,heavy,1.0,0,0,1,1,ecnn_adb,4891,1102,1102,0,0.30000000000000004,320,1729.0,238.0,"te(""abcd"") == True , ""abcd""
>       assert candidate(""aabb"") == False , ""aabb""
E       AssertionError: aabb
E       assert True == False
E        +  where True = <function is_happy at 0x7eeb5a948a40>('aabb')

test_solution.py:12: AssertionError
=========================== short test summary info ============================
FAILED test_solution.py::test_all - AssertionError: aabb
1 failed in 0.04s"
HumanEval/81,adw_gepn_gate_v1,Qwen/Qwen2.5-Coder-0.5B-Instruct,1,heavy,1.0,0,0,1,1,ecnn_adb,8878,1102,1102,0,0.30000000000000004,320,2371.0,307.0,"'C-', 'C', 'A-']
E       AssertionError: assert None == ['A+', 'B', 'C-', 'C', 'A-']
E        +  where None = <function numerical_letter_grade at 0x789e83040a40>([4.0, 3, 1.7, 2, 3.5])

test_solution.py:9: AssertionError
=========================== short test summary info ============================
FAILED test_solution.py::test_all - AssertionError: assert None == ['A+', 'B'...
1 failed in 0.04s"
HumanEval/82,adw_gepn_gate_v1,Qwen/Qwen2.5-Coder-0.5B-Instruct,1,heavy,1.0,1,1,0,0,none,5828,1102,0,0,0.30000000000000004,320,1649.0,217.0,".                                                                        [100%]
1 passed in 0.01s"
HumanEval/83,adw_gepn_gate_v1,Qwen/Qwen2.5-Coder-0.5B-Instruct,1,heavy,1.0,0,0,1,1,ecnn_adb,6542,1102,1102,0,0.30000000000000004,320,1506.0,204.0,"his assert fails 1 (good for debugging!)""
        assert candidate(1) == 1
>       assert candidate(2) == 18
E       assert 19.62 == 18
E        +  where 19.62 = <function starts_one_ends at 0x7e52f816ca40>(2)

test_solution.py:11: AssertionError
=========================== short test summary info ============================
FAILED test_solution.py::test_all - assert 19.62 == 18
1 failed in 0.04s"
HumanEval/84,adw_gepn_gate_v1,Qwen/Qwen2.5-Coder-0.5B-Instruct,1,heavy,1.0,1,1,0,0,none,8643,1102,0,0,0.30000000000000004,320,1816.0,261.0,".                                                                        [100%]
1 passed in 0.01s"
HumanEval/85,adw_gepn_gate_v1,Qwen/Qwen2.5-Coder-0.5B-Instruct,1,heavy,1.0,1,1,0,0,none,2712,1102,0,0,0.30000000000000004,320,1509.0,205.0,".                                                                        [100%]
1 passed in 0.01s"
HumanEval/86,adw_gepn_gate_v1,Qwen/Qwen2.5-Coder-0.5B-Instruct,1,heavy,1.0,0,0,1,1,ecnn_adb,8870,1202,1102,0,0.30000000000000004,320,1862.0,253.0,"
>   sorted_words = sorted(words, key=lambda word: ord(word))
                                                  ^^^^^^^^^
E   TypeError: ord() expected a character, but string of length 2 found

solution.py:18: TypeError
=========================== short test summary info ============================
FAILED test_solution.py::test_all - TypeError: ord() expected a character, bu...
1 failed in 0.04s"
HumanEval/87,adw_gepn_gate_v1,Qwen/Qwen2.5-Coder-0.5B-Instruct,1,heavy,1.0,0,0,1,1,ecnn_adb,8905,1302,0,0,0.30000000000000004,320,2090.0,297.0,"SyntaxError: '(' was never closed (<unknown>, line 28)"
HumanEval/88,adw_gepn_gate_v1,Qwen/Qwen2.5-Coder-0.5B-Instruct,1,heavy,1.0,1,1,0,0,none,8292,1102,0,0,0.30000000000000004,320,1914.0,282.0,".                                                                        [100%]
1 passed in 0.01s"
HumanEval/89,adw_gepn_gate_v1,Qwen/Qwen2.5-Coder-0.5B-Instruct,1,heavy,1.0,0,0,1,1,ecnn_adb,7247,1102,1102,0,0.30000000000000004,320,1777.0,237.0,"ert fails 1 (good for debugging!)""
E       AssertionError: This prints if this assert fails 1 (good for debugging!)
E       assert 'jk' == 'lm'
E         
E         - lm
E         + jk

test_solution.py:9: AssertionError
=========================== short test summary info ============================
FAILED test_solution.py::test_all - AssertionError: This prints if this asser...
1 failed in 0.04s"
HumanEval/9,adw_gepn_gate_v1,Qwen/Qwen2.5-Coder-0.5B-Instruct,1,heavy,1.0,1,1,0,0,none,3285,1102,0,0,0.30000000000000004,320,1624.0,227.0,".                                                                        [100%]
1 passed in 0.01s"
HumanEval/90,adw_gepn_gate_v1,Qwen/Qwen2.5-Coder-0.5B-Instruct,1,heavy,1.0,1,1,0,0,none,5194,1102,0,0,0.30000000000000004,320,1703.0,232.0,".                                                                        [100%]
1 passed in 0.01s"
HumanEval/91,adw_gepn_gate_v1,Qwen/Qwen2.5-Coder-0.5B-Instruct,1,heavy,1.0,0,0,1,1,ecnn_adb,7990,1102,1102,0,0.30000000000000004,320,1692.0,237.0," 0, ""Test 1""
>       assert candidate(""Is the sky blue?"") == 0, ""Test 2""
E       AssertionError: Test 2
E       assert 1 == 0
E        +  where 1 = <function is_bored at 0x7d09c2374a40>('Is the sky blue?')

test_solution.py:10: AssertionError
=========================== short test summary info ============================
FAILED test_solution.py::test_all - AssertionError: Test 2
1 failed in 0.04s"
HumanEval/92,adw_gepn_gate_v1,Qwen/Qwen2.5-Coder-0.5B-Instruct,1,heavy,1.0,1,1,0,0,none,5662,1102,0,0,0.30000000000000004,320,1722.0,241.0,".                                                                        [100%]
1 passed in 0.01s"
HumanEval/93,adw_gepn_gate_v1,Qwen/Qwen2.5-Coder-0.5B-Instruct,1,heavy,1.0,0,0,1,1,ecnn_adb,6785,1102,1102,0,0.30000000000000004,320,1757.0,240.0,"     AssertionError: This prints if this assert fails 1 (good for debugging!)
E       assert 'tGst' == 'tgst'
E         
E         - tgst
E         ?  ^
E         + tGst
E         ?  ^

test_solution.py:9: AssertionError
=========================== short test summary info ============================
FAILED test_solution.py::test_all - AssertionError: This prints if this asser...
1 failed in 0.04s"
HumanEval/94,adw_gepn_gate_v1,Qwen/Qwen2.5-Coder-0.5B-Instruct,1,heavy,1.0,0,0,1,1,ecnn_adb,8962,1202,0,0,0.30000000000000004,320,1944.0,260.0,"SyntaxError: unterminated triple-quoted string literal (detected at line 11) (<unknown>, line 2)"
HumanEval/95,adw_gepn_gate_v1,Qwen/Qwen2.5-Coder-0.5B-Instruct,1,heavy,1.0,0,0,1,1,ecnn_adb,6672,1102,1102,0,0.30000000000000004,320,1996.0,249.0,"AssertionError: Second test error: True
E       assert True == False
E        +  where True = <function check_dict_case at 0x7f52cd490a40>({'A': 'banana', 'B': 'banana', 'p': 'pineapple'})

test_solution.py:10: AssertionError
=========================== short test summary info ============================
FAILED test_solution.py::test_all - AssertionError: Second test error: True
1 failed in 0.04s"
HumanEval/96,adw_gepn_gate_v1,Qwen/Qwen2.5-Coder-0.5B-Instruct,1,heavy,1.0,0,0,1,1,ecnn_adb,8982,1202,1102,0,0.30000000000000004,320,1732.0,228.0,"ffb289d4c20>

    def check(candidate):
    
>       assert candidate(5) == [2,3]
E       assert [2, 3, 5] == [2, 3]
E         
E         Left contains one more item: 5
E         Use -v to get more diff

test_solution.py:8: AssertionError
=========================== short test summary info ============================
FAILED test_solution.py::test_all - assert [2, 3, 5] == [2, 3]
1 failed in 0.04s"
HumanEval/97,adw_gepn_gate_v1,Qwen/Qwen2.5-Coder-0.5B-Instruct,1,heavy,1.0,1,1,0,0,none,6612,1102,0,0,0.30000000000000004,320,1682.0,225.0,".                                                                        [100%]
1 passed in 0.01s"
HumanEval/98,adw_gepn_gate_v1,Qwen/Qwen2.5-Coder-0.5B-Instruct,1,heavy,1.0,1,1,0,0,none,5075,1102,0,0,0.30000000000000004,320,1584.0,207.0,".                                                                        [100%]
1 passed in 0.01s"
HumanEval/99,adw_gepn_gate_v1,Qwen/Qwen2.5-Coder-0.5B-Instruct,1,heavy,1.0,0,0,1,1,ecnn_adb,8968,1102,1102,0,0.30000000000000004,320,1933.0,260.0,"ate(""10"") == 10, ""Test 1""
>       assert candidate(""14.5"") == 15, ""Test 2""
E       AssertionError: Test 2
E       assert 14 == 15
E        +  where 14 = <function closest_integer at 0x7f1c232b0a40>('14.5')

test_solution.py:10: AssertionError
=========================== short test summary info ============================
FAILED test_solution.py::test_all - AssertionError: Test 2
1 failed in 0.04s"
