task_id,variant,model,pass,intentional_error,error_mode,rubric_dims,rubric_mean_w,rubric_count,fail_reason,gen_latency_ms,pytest_ms,seed,timestamp
HumanEval/0,adw_weighted_v4_teaching,Qwen/Qwen2.5-Coder-0.5B-Instruct,1,0,none,"['correctness', 'correctness', 'correctness', 'edge_cases', 'comments', 'readability', 'efficiency', 'robustness', 'security', 'security', 'docstring', 'comments', 'docstring']",0.563,13,,1102,1102,42,2025-12-01 08:41:47
HumanEval/1,adw_weighted_v4_teaching,Qwen/Qwen2.5-Coder-0.5B-Instruct,1,0,none,"['correctness', 'readability', 'edge_cases', 'correctness', 'correctness', 'correctness', 'efficiency', 'robustness', 'robustness', 'security', 'docstring', 'comments', 'comments']",0.602,13,,1102,1102,42,2025-12-01 08:41:57
HumanEval/10,adw_weighted_v4_teaching,Qwen/Qwen2.5-Coder-0.5B-Instruct,0,1,off_by_one,"['correctness', 'comments', 'correctness', 'correctness', 'edge_cases', 'correctness', 'efficiency', 'type_hints', 'robustness', 'security', 'docstring', 'comments', 'docstring']",0.562,13,1 error in 0.16s,1203,1202,42,2025-12-01 08:42:07
HumanEval/100,adw_weighted_v4_teaching,Qwen/Qwen2.5-Coder-0.5B-Instruct,0,1,drop_edge_cases,"['correctness', 'readability', 'correctness', 'readability', 'correctness', 'edge_cases', 'efficiency', 'type_hints', 'docstring', 'efficiency', 'docstring', 'docstring', 'comments']",0.567,13,1 error in 0.16s,1202,1202,42,2025-12-01 08:42:16
HumanEval/101,adw_weighted_v4_teaching,Qwen/Qwen2.5-Coder-0.5B-Instruct,0,0,none,"['correctness', 'edge_cases', 'comments', 'correctness', 'correctness', 'correctness', 'efficiency', 'robustness', 'security', 'security', 'docstring', 'type_hints', 'comments']",0.615,13,1 failed in 0.04s,1102,1102,42,2025-12-01 08:42:24
HumanEval/102,adw_weighted_v4_teaching,Qwen/Qwen2.5-Coder-0.5B-Instruct,0,0,none,"['correctness', 'edge_cases', 'correctness', 'correctness', 'edge_cases', 'edge_cases', 'efficiency', 'security', 'security', 'robustness', 'docstring', 'docstring', 'comments']",0.585,13,1 failed in 0.04s,1102,1102,42,2025-12-01 08:42:38
HumanEval/103,adw_weighted_v4_teaching,Qwen/Qwen2.5-Coder-0.5B-Instruct,0,0,none,"['correctness', 'edge_cases', 'comments', 'readability', 'correctness', 'correctness', 'efficiency', 'efficiency', 'robustness', 'security', 'docstring', 'comments', 'type_hints']",0.565,13,1 failed in 0.05s,1102,1102,42,2025-12-01 08:42:48
HumanEval/104,adw_weighted_v4_teaching,Qwen/Qwen2.5-Coder-0.5B-Instruct,1,0,none,"['correctness', 'correctness', 'correctness', 'edge_cases', 'edge_cases', 'readability', 'efficiency', 'security', 'security', 'efficiency', 'docstring', 'docstring', 'comments']",0.631,13,,1102,1102,42,2025-12-01 08:42:55
HumanEval/105,adw_weighted_v4_teaching,Qwen/Qwen2.5-Coder-0.5B-Instruct,1,0,none,"['correctness', 'comments', 'correctness', 'edge_cases', 'correctness', 'comments', 'efficiency', 'robustness', 'security', 'efficiency', 'docstring', 'comments', 'docstring']",0.536,13,,1102,1102,42,2025-12-01 08:43:13
HumanEval/106,adw_weighted_v4_teaching,Qwen/Qwen2.5-Coder-0.5B-Instruct,0,1,wrong_loop,"['correctness', 'correctness', 'correctness', 'readability', 'readability', 'edge_cases', 'efficiency', 'robustness', 'efficiency', 'docstring', 'docstring', 'type_hints', 'comments']",0.588,13,1 failed in 0.04s,1102,1102,42,2025-12-01 08:43:23
HumanEval/107,adw_weighted_v4_teaching,Qwen/Qwen2.5-Coder-0.5B-Instruct,0,1,drop_edge_cases,"['correctness', 'correctness', 'correctness', 'readability', 'edge_cases', 'edge_cases', 'efficiency', 'efficiency', 'robustness', 'security', 'docstring', 'comments', 'type_hints']",0.618,13,1 error in 0.18s,1303,1302,42,2025-12-01 08:43:32
HumanEval/108,adw_weighted_v4_teaching,Qwen/Qwen2.5-Coder-0.5B-Instruct,0,1,wrong_loop,"['correctness', 'readability', 'edge_cases', 'comments', 'correctness', 'correctness', 'efficiency', 'robustness', 'robustness', 'security', 'docstring', 'comments', 'comments']",0.58,13,1 failed in 0.04s,1102,1102,42,2025-12-01 08:43:41
HumanEval/109,adw_weighted_v4_teaching,Qwen/Qwen2.5-Coder-0.5B-Instruct,0,0,none,"['correctness', 'correctness', 'correctness', 'correctness', 'edge_cases', 'edge_cases', 'efficiency', 'robustness', 'efficiency', 'docstring', 'docstring', 'comments', 'comments']",0.609,13,1 failed in 0.04s,1102,1102,42,2025-12-01 08:43:55
HumanEval/11,adw_weighted_v4_teaching,Qwen/Qwen2.5-Coder-0.5B-Instruct,1,0,none,"['correctness', 'comments', 'edge_cases', 'correctness', 'correctness', 'edge_cases', 'efficiency', 'robustness', 'security', 'security', 'docstring', 'comments', 'comments']",0.611,13,,1102,1102,42,2025-12-01 08:44:03
HumanEval/110,adw_weighted_v4_teaching,Qwen/Qwen2.5-Coder-0.5B-Instruct,1,0,none,"['correctness', 'comments', 'readability', 'correctness', 'correctness', 'edge_cases', 'efficiency', 'robustness', 'security', 'security', 'docstring', 'comments', 'docstring']",0.57,13,,1102,1102,42,2025-12-01 08:44:18
HumanEval/111,adw_weighted_v4_teaching,Qwen/Qwen2.5-Coder-0.5B-Instruct,0,0,none,"['correctness', 'correctness', 'correctness', 'correctness', 'edge_cases', 'readability', 'efficiency', 'robustness', 'efficiency', 'security', 'docstring', 'comments', 'type_hints']",0.61,13,1 error in 0.11s,1202,1202,42,2025-12-01 08:44:30
HumanEval/112,adw_weighted_v4_teaching,Qwen/Qwen2.5-Coder-0.5B-Instruct,1,0,none,"['correctness', 'correctness', 'correctness', 'correctness', 'edge_cases', 'edge_cases', 'efficiency', 'robustness', 'security', 'security', 'docstring', 'comments', 'comments']",0.614,13,,1103,1102,42,2025-12-01 08:44:39
HumanEval/113,adw_weighted_v4_teaching,Qwen/Qwen2.5-Coder-0.5B-Instruct,0,1,type_cast_trap,"['correctness', 'correctness', 'correctness', 'edge_cases', 'edge_cases', 'correctness', 'efficiency', 'robustness', 'robustness', 'docstring', 'docstring', 'comments', 'type_hints']",0.623,13,1 error in 0.11s,1202,1202,42,2025-12-01 08:44:49
HumanEval/114,adw_weighted_v4_teaching,Qwen/Qwen2.5-Coder-0.5B-Instruct,1,1,wrong_loop,"['correctness', 'correctness', 'comments', 'correctness', 'correctness', 'edge_cases', 'efficiency', 'robustness', 'robustness', 'robustness', 'docstring', 'comments', 'comments']",0.59,13,,1103,1102,42,2025-12-01 08:44:58
HumanEval/115,adw_weighted_v4_teaching,Qwen/Qwen2.5-Coder-0.5B-Instruct,0,1,force_print_return,"['correctness', 'correctness', 'correctness', 'correctness', 'edge_cases', 'edge_cases', 'efficiency', 'robustness', 'security', 'efficiency', 'docstring', 'type_hints', 'docstring']",0.568,13,1 error in 0.16s,1202,1202,42,2025-12-01 08:45:07
HumanEval/116,adw_weighted_v4_teaching,Qwen/Qwen2.5-Coder-0.5B-Instruct,0,1,off_by_one,"['correctness', 'comments', 'correctness', 'edge_cases', 'edge_cases', 'correctness', 'efficiency', 'security', 'security', 'efficiency', 'docstring']",0.619,11,1 failed in 0.04s,1102,1102,42,2025-12-01 08:45:16
HumanEval/117,adw_weighted_v4_teaching,Qwen/Qwen2.5-Coder-0.5B-Instruct,0,0,none,"['correctness', 'correctness', 'comments', 'correctness', 'correctness', 'readability', 'efficiency', 'docstring', 'robustness', 'efficiency', 'docstring', 'comments', 'docstring']",0.538,13,1 failed in 0.04s,1103,1102,42,2025-12-01 08:45:28
HumanEval/118,adw_weighted_v4_teaching,Qwen/Qwen2.5-Coder-0.5B-Instruct,0,1,drop_edge_cases,"['correctness', 'correctness', 'correctness', 'edge_cases', 'readability', 'readability', 'efficiency', 'efficiency', 'robustness', 'security', 'docstring', 'type_hints', 'comments']",0.587,13,1 error in 0.16s,1202,1201,42,2025-12-01 08:45:38
HumanEval/119,adw_weighted_v4_teaching,Qwen/Qwen2.5-Coder-0.5B-Instruct,0,1,rename_function,"['correctness', 'correctness', 'correctness', 'correctness', 'edge_cases', 'correctness', 'efficiency', 'efficiency', 'robustness', 'security']",0.759,10,1 failed in 0.04s,1102,1102,42,2025-12-01 08:45:47
HumanEval/12,adw_weighted_v4_teaching,Qwen/Qwen2.5-Coder-0.5B-Instruct,0,0,none,"['correctness', 'edge_cases', 'readability', 'readability', 'correctness', 'correctness', 'efficiency', 'robustness', 'security', 'security', 'docstring', 'comments', 'comments']",0.543,13,1 error in 0.11s,1202,1202,42,2025-12-01 08:45:55
HumanEval/120,adw_weighted_v4_teaching,Qwen/Qwen2.5-Coder-0.5B-Instruct,0,0,none,"['correctness', 'correctness', 'edge_cases', 'correctness', 'correctness', 'edge_cases', 'efficiency', 'docstring', 'docstring', 'robustness', 'docstring', 'comments', 'docstring']",0.613,13,1 failed in 0.04s,1102,1101,42,2025-12-01 08:46:10
HumanEval/121,adw_weighted_v4_teaching,Qwen/Qwen2.5-Coder-0.5B-Instruct,1,0,none,"['correctness', 'correctness', 'edge_cases', 'correctness', 'correctness', 'correctness', 'efficiency', 'security', 'robustness', 'security', 'docstring', 'comments', 'docstring']",0.598,13,,1102,1102,42,2025-12-01 08:46:20
HumanEval/122,adw_weighted_v4_teaching,Qwen/Qwen2.5-Coder-0.5B-Instruct,0,0,none,"['correctness', 'readability', 'correctness', 'readability', 'correctness', 'edge_cases', 'efficiency', 'security', 'efficiency', 'robustness', 'docstring', 'comments', 'comments']",0.6,13,1 failed in 0.04s,1102,1102,42,2025-12-01 08:46:30
HumanEval/123,adw_weighted_v4_teaching,Qwen/Qwen2.5-Coder-0.5B-Instruct,0,1,rename_function,"['correctness', 'correctness', 'readability', 'readability', 'comments', 'edge_cases', 'efficiency', 'efficiency', 'robustness', 'efficiency', 'docstring', 'comments', 'comments']",0.442,13,1 error in 0.16s,1202,1202,42,2025-12-01 08:46:39
HumanEval/124,adw_weighted_v4_teaching,Qwen/Qwen2.5-Coder-0.5B-Instruct,0,0,none,"['correctness', 'correctness', 'readability', 'correctness', 'correctness', 'correctness', 'efficiency', 'robustness', 'security', 'efficiency', 'docstring', 'comments', 'docstring']",0.608,13,1 failed in 0.05s,1103,1102,42,2025-12-01 08:46:54
HumanEval/125,adw_weighted_v4_teaching,Qwen/Qwen2.5-Coder-0.5B-Instruct,0,1,drop_edge_cases,"['correctness', 'correctness', 'correctness', 'readability', 'edge_cases', 'readability', 'efficiency', 'docstring', 'robustness', 'docstring', 'docstring', 'comments', 'docstring']",0.563,13,1 failed in 0.04s,1102,1102,42,2025-12-01 08:47:04
HumanEval/126,adw_weighted_v4_teaching,Qwen/Qwen2.5-Coder-0.5B-Instruct,0,0,none,"['correctness', 'comments', 'correctness', 'readability', 'correctness', 'correctness', 'efficiency', 'robustness', 'security', 'security', 'docstring', 'comments', 'comments']",0.55,13,1 failed in 0.04s,1102,1101,42,2025-12-01 08:47:10
HumanEval/127,adw_weighted_v4_teaching,Qwen/Qwen2.5-Coder-0.5B-Instruct,0,0,none,"['correctness', 'readability', 'correctness', 'correctness', 'edge_cases', 'edge_cases', 'efficiency', 'robustness', 'efficiency', 'security', 'docstring', 'comments', 'docstring']",0.638,13,1 failed in 0.04s,1102,1102,42,2025-12-01 08:47:27
HumanEval/128,adw_weighted_v4_teaching,Qwen/Qwen2.5-Coder-0.5B-Instruct,0,1,remove_docstring,"['correctness', 'correctness', 'edge_cases', 'correctness', 'edge_cases', 'edge_cases', 'efficiency', 'robustness', 'robustness', 'security', 'docstring', 'comments']",0.68,12,1 failed in 0.04s,1102,1102,42,2025-12-01 08:47:36
HumanEval/129,adw_weighted_v4_teaching,Qwen/Qwen2.5-Coder-0.5B-Instruct,0,0,none,"['correctness', 'correctness', 'correctness', 'edge_cases', 'edge_cases', 'readability', 'efficiency', 'robustness', 'security', 'efficiency', 'docstring', 'comments', 'type_hints']",0.593,13,1 failed in 0.04s,1102,1102,42,2025-12-01 08:47:46
HumanEval/13,adw_weighted_v4_teaching,Qwen/Qwen2.5-Coder-0.5B-Instruct,1,0,none,"['correctness', 'readability', 'correctness', 'edge_cases', 'readability', 'correctness', 'efficiency', 'efficiency', 'docstring', 'docstring', 'docstring', 'type_hints', 'type_hints']",0.547,13,,1103,1102,42,2025-12-01 08:47:57
HumanEval/130,adw_weighted_v4_teaching,Qwen/Qwen2.5-Coder-0.5B-Instruct,0,1,off_by_one,"['correctness', 'correctness', 'correctness', 'edge_cases', 'edge_cases', 'correctness', 'efficiency', 'docstring', 'security', 'robustness', 'docstring', 'type_hints', 'comments']",0.618,13,1 error in 0.16s,1202,1202,42,2025-12-01 08:48:06
HumanEval/131,adw_weighted_v4_teaching,Qwen/Qwen2.5-Coder-0.5B-Instruct,0,0,none,"['correctness', 'correctness', 'comments', 'correctness', 'edge_cases', 'readability', 'efficiency', 'security', 'robustness', 'security', 'docstring', 'comments', 'docstring']",0.522,13,1 error in 0.11s,1202,1202,42,2025-12-01 08:48:19
HumanEval/132,adw_weighted_v4_teaching,Qwen/Qwen2.5-Coder-0.5B-Instruct,0,0,none,"['correctness', 'correctness', 'correctness', 'readability', 'edge_cases', 'edge_cases', 'efficiency', 'robustness', 'security', 'robustness', 'docstring', 'comments', 'comments']",0.601,13,1 failed in 0.04s,1102,1102,42,2025-12-01 08:48:28
HumanEval/133,adw_weighted_v4_teaching,Qwen/Qwen2.5-Coder-0.5B-Instruct,0,1,type_cast_trap,"['correctness', 'correctness', 'correctness', 'readability', 'correctness', 'readability', 'efficiency', 'efficiency', 'robustness', 'robustness', 'docstring', 'comments', 'docstring']",0.585,13,1 failed in 0.04s,1102,1101,42,2025-12-01 08:48:36
HumanEval/134,adw_weighted_v4_teaching,Qwen/Qwen2.5-Coder-0.5B-Instruct,0,1,wrong_loop,"['correctness', 'correctness', 'correctness', 'comments', 'correctness', 'correctness', 'efficiency', 'robustness', 'security', 'security', 'docstring', 'docstring', 'comments']",0.557,13,1 error in 0.16s,1203,1202,42,2025-12-01 08:48:46
HumanEval/135,adw_weighted_v4_teaching,Qwen/Qwen2.5-Coder-0.5B-Instruct,0,0,none,"['correctness', 'edge_cases', 'comments', 'correctness', 'edge_cases', 'correctness', 'efficiency', 'robustness', 'security', 'security', 'docstring', 'comments', 'comments']",0.558,13,1 failed in 0.04s,1102,1102,42,2025-12-01 08:48:59
HumanEval/136,adw_weighted_v4_teaching,Qwen/Qwen2.5-Coder-0.5B-Instruct,0,1,no_return,"['correctness', 'correctness', 'correctness', 'correctness', 'readability', 'edge_cases', 'efficiency', 'robustness', 'docstring', 'type_hints', 'docstring', 'comments', 'type_hints']",0.618,13,1 error in 0.16s,1202,1202,42,2025-12-01 08:49:08
HumanEval/137,adw_weighted_v4_teaching,Qwen/Qwen2.5-Coder-0.5B-Instruct,0,1,remove_docstring,"['correctness', 'correctness', 'edge_cases', 'edge_cases', 'correctness', 'correctness', 'efficiency', 'security', 'robustness', 'efficiency', 'docstring', 'comments', 'docstring']",0.59,13,1 failed in 0.04s,1102,1102,42,2025-12-01 08:49:17
HumanEval/138,adw_weighted_v4_teaching,Qwen/Qwen2.5-Coder-0.5B-Instruct,0,1,drop_edge_cases,"['correctness', 'correctness', 'correctness', 'edge_cases', 'readability', 'comments', 'efficiency', 'efficiency', 'robustness', 'efficiency', 'docstring']",0.672,11,1 failed in 0.04s,1102,1102,42,2025-12-01 08:49:26
HumanEval/139,adw_weighted_v4_teaching,Qwen/Qwen2.5-Coder-0.5B-Instruct,1,0,none,"['correctness', 'correctness', 'correctness', 'correctness', 'edge_cases', 'edge_cases', 'efficiency', 'robustness', 'efficiency', 'security', 'docstring', 'comments', 'docstring']",0.638,13,,1102,1102,42,2025-12-01 08:49:36
HumanEval/14,adw_weighted_v4_teaching,Qwen/Qwen2.5-Coder-0.5B-Instruct,0,1,type_cast_trap,"['correctness', 'correctness', 'correctness', 'readability', 'edge_cases', 'comments', 'efficiency', 'docstring', 'robustness', 'efficiency', 'docstring', 'comments', 'docstring']",0.524,13,1 failed in 0.04s,1102,1102,42,2025-12-01 08:49:44
HumanEval/140,adw_weighted_v4_teaching,Qwen/Qwen2.5-Coder-0.5B-Instruct,0,0,none,"['correctness', 'correctness', 'correctness', 'correctness', 'edge_cases', 'edge_cases', 'efficiency', 'robustness', 'security', 'security', 'docstring', 'comments', 'comments']",0.672,13,1 failed in 0.04s,1103,1102,42,2025-12-01 08:49:52
HumanEval/141,adw_weighted_v4_teaching,Qwen/Qwen2.5-Coder-0.5B-Instruct,0,0,none,"['correctness', 'correctness', 'correctness', 'readability', 'edge_cases', 'edge_cases', 'efficiency', 'robustness', 'security', 'docstring', 'docstring', 'comments', 'comments']",0.575,13,1 failed in 0.05s,1102,1102,42,2025-12-01 08:50:08
HumanEval/142,adw_weighted_v4_teaching,Qwen/Qwen2.5-Coder-0.5B-Instruct,0,0,none,"['correctness', 'edge_cases', 'edge_cases', 'correctness', 'edge_cases', 'comments', 'efficiency', 'robustness', 'docstring', 'security', 'docstring', 'comments', 'docstring']",0.505,13,1 error in 0.16s,1202,1202,42,2025-12-01 08:50:24
HumanEval/143,adw_weighted_v4_teaching,Qwen/Qwen2.5-Coder-0.5B-Instruct,0,0,none,"['correctness', 'correctness', 'readability', 'correctness', 'correctness', 'correctness', 'efficiency', 'robustness', 'security', 'security', 'docstring', 'comments', 'docstring']",0.608,13,1 failed in 0.04s,1102,1102,42,2025-12-01 08:50:38
HumanEval/144,adw_weighted_v4_teaching,Qwen/Qwen2.5-Coder-0.5B-Instruct,0,0,none,"['correctness', 'edge_cases', 'correctness', 'comments', 'correctness', 'readability', 'efficiency', 'robustness', 'security', 'docstring', 'docstring', 'comments', 'type_hints']",0.523,13,1 failed in 0.04s,1102,1102,42,2025-12-01 08:50:46
HumanEval/145,adw_weighted_v4_teaching,Qwen/Qwen2.5-Coder-0.5B-Instruct,0,1,remove_docstring,"['correctness', 'correctness', 'correctness', 'edge_cases', 'comments', 'edge_cases', 'efficiency', 'security', 'robustness', 'docstring', 'docstring', 'comments', 'comments']",0.584,13,1 failed in 0.04s,1102,1102,42,2025-12-01 08:50:56
HumanEval/146,adw_weighted_v4_teaching,Qwen/Qwen2.5-Coder-0.5B-Instruct,1,0,none,"['correctness', 'correctness', 'edge_cases', 'correctness', 'edge_cases', 'correctness', 'efficiency', 'docstring', 'robustness', 'security', 'docstring', 'docstring', 'comments']",0.598,13,,1102,1102,42,2025-12-01 08:51:10
HumanEval/147,adw_weighted_v4_teaching,Qwen/Qwen2.5-Coder-0.5B-Instruct,0,0,none,"['correctness', 'correctness', 'edge_cases', 'readability', 'readability', 'correctness', 'efficiency', 'robustness', 'efficiency', 'security', 'docstring', 'docstring', 'type_hints']",0.582,13,1 failed in 0.04s,1102,1102,42,2025-12-01 08:51:24
HumanEval/148,adw_weighted_v4_teaching,Qwen/Qwen2.5-Coder-0.5B-Instruct,0,0,none,"['correctness', 'readability', 'comments', 'comments', 'correctness', 'correctness', 'efficiency', 'robustness', 'security', 'security', 'docstring', 'comments', 'docstring']",0.542,13,1 failed in 0.04s,1103,1102,42,2025-12-01 08:51:43
HumanEval/149,adw_weighted_v4_teaching,Qwen/Qwen2.5-Coder-0.5B-Instruct,1,0,none,"['correctness', 'correctness', 'correctness', 'correctness', 'edge_cases', 'edge_cases', 'efficiency', 'docstring', 'docstring', 'security', 'docstring', 'comments', 'type_hints']",0.606,13,,1102,1102,42,2025-12-01 08:51:55
HumanEval/15,adw_weighted_v4_teaching,Qwen/Qwen2.5-Coder-0.5B-Instruct,1,1,force_print_return,"['correctness', 'edge_cases', 'edge_cases', 'correctness', 'correctness', 'correctness', 'efficiency', 'type_hints', 'efficiency', 'robustness', 'docstring']",0.658,11,,1102,1102,42,2025-12-01 08:52:02
HumanEval/150,adw_weighted_v4_teaching,Qwen/Qwen2.5-Coder-0.5B-Instruct,0,0,none,"['correctness', 'readability', 'correctness', 'readability', 'correctness', 'edge_cases', 'efficiency', 'robustness', 'docstring', 'efficiency', 'docstring', 'docstring', 'type_hints']",0.555,13,1 failed in 0.04s,1102,1102,42,2025-12-01 08:52:11
HumanEval/151,adw_weighted_v4_teaching,Qwen/Qwen2.5-Coder-0.5B-Instruct,0,1,drop_edge_cases,"['correctness', 'edge_cases', 'comments', 'comments', 'correctness', 'correctness', 'efficiency', 'robustness', 'robustness', 'security', 'docstring', 'docstring', 'comments']",0.524,13,1 error in 0.16s,1203,1202,42,2025-12-01 08:52:20
HumanEval/152,adw_weighted_v4_teaching,Qwen/Qwen2.5-Coder-0.5B-Instruct,1,0,none,"['correctness', 'correctness', 'correctness', 'edge_cases', 'readability', 'readability', 'efficiency', 'docstring', 'efficiency', 'robustness', 'docstring', 'comments', 'docstring']",0.582,13,,1102,1102,42,2025-12-01 08:52:37
HumanEval/153,adw_weighted_v4_teaching,Qwen/Qwen2.5-Coder-0.5B-Instruct,0,0,none,"['correctness', 'correctness', 'readability', 'comments', 'edge_cases', 'correctness', 'efficiency', 'robustness', 'security', 'security', 'docstring', 'type_hints', 'type_hints']",0.555,13,1 error in 0.11s,1202,1202,42,2025-12-01 08:52:47
HumanEval/154,adw_weighted_v4_teaching,Qwen/Qwen2.5-Coder-0.5B-Instruct,0,1,drop_edge_cases,"['correctness', 'correctness', 'readability', 'correctness', 'comments', 'edge_cases', 'efficiency', 'efficiency', 'security', 'robustness']",0.689,10,1 failed in 0.04s,1102,1102,42,2025-12-01 08:52:57
HumanEval/155,adw_weighted_v4_teaching,Qwen/Qwen2.5-Coder-0.5B-Instruct,0,1,no_return,"['correctness', 'correctness', 'comments', 'edge_cases', 'comments', 'correctness', 'efficiency', 'robustness', 'security', 'security', 'docstring', 'comments', 'docstring']",0.544,13,1 failed in 0.04s,1102,1102,42,2025-12-01 08:53:06
HumanEval/156,adw_weighted_v4_teaching,Qwen/Qwen2.5-Coder-0.5B-Instruct,0,1,no_return,"['correctness', 'comments', 'correctness', 'readability', 'readability', 'correctness', 'efficiency', 'robustness', 'security', 'security', 'docstring', 'comments', 'comments']",0.541,13,1 error in 0.16s,1202,1202,42,2025-12-01 08:53:15
HumanEval/157,adw_weighted_v4_teaching,Qwen/Qwen2.5-Coder-0.5B-Instruct,1,0,none,"['correctness', 'correctness', 'edge_cases', 'comments', 'correctness', 'readability', 'efficiency', 'robustness', 'security', 'docstring', 'docstring', 'comments', 'comments']",0.571,13,,1102,1102,42,2025-12-01 08:53:27
HumanEval/158,adw_weighted_v4_teaching,Qwen/Qwen2.5-Coder-0.5B-Instruct,0,0,none,"['correctness', 'readability', 'correctness', 'correctness', 'edge_cases', 'edge_cases', 'efficiency', 'robustness', 'type_hints', 'security', 'docstring', 'comments', 'docstring']",0.613,13,1 failed in 0.04s,1102,1102,42,2025-12-01 08:53:37
HumanEval/159,adw_weighted_v4_teaching,Qwen/Qwen2.5-Coder-0.5B-Instruct,0,0,none,"['correctness', 'readability', 'correctness', 'correctness', 'edge_cases', 'edge_cases', 'efficiency', 'docstring', 'robustness', 'docstring', 'docstring', 'comments', 'docstring']",0.537,13,1 failed in 0.04s,1102,1102,42,2025-12-01 08:53:51
HumanEval/16,adw_weighted_v4_teaching,Qwen/Qwen2.5-Coder-0.5B-Instruct,0,1,no_return,"['correctness', 'readability', 'edge_cases', 'edge_cases', 'correctness', 'correctness', 'efficiency', 'security', 'robustness', 'type_hints', 'docstring', 'type_hints', 'comments']",0.584,13,1 failed in 0.04s,1102,1102,42,2025-12-01 08:53:58
HumanEval/160,adw_weighted_v4_teaching,Qwen/Qwen2.5-Coder-0.5B-Instruct,0,1,remove_docstring,"['correctness', 'correctness', 'readability', 'comments', 'correctness', 'correctness', 'efficiency', 'security', 'robustness', 'security', 'docstring', 'comments', 'docstring']",0.536,13,1 error in 0.16s,1202,1202,42,2025-12-01 08:54:08
HumanEval/161,adw_weighted_v4_teaching,Qwen/Qwen2.5-Coder-0.5B-Instruct,0,0,none,"['correctness', 'correctness', 'correctness', 'edge_cases', 'edge_cases', 'edge_cases', 'efficiency', 'robustness', 'security', 'docstring', 'docstring', 'comments', 'comments']",0.63,13,1 failed in 0.04s,1102,1101,42,2025-12-01 08:54:19
HumanEval/162,adw_weighted_v4_teaching,Qwen/Qwen2.5-Coder-0.5B-Instruct,0,1,rename_function,"['correctness', 'correctness', 'comments', 'correctness', 'edge_cases', 'readability', 'efficiency', 'robustness', 'security', 'efficiency', 'docstring', 'docstring', 'type_hints']",0.558,13,1 error in 0.16s,1203,1202,42,2025-12-01 08:54:29
HumanEval/163,adw_weighted_v4_teaching,Qwen/Qwen2.5-Coder-0.5B-Instruct,0,0,none,"['correctness', 'readability', 'correctness', 'correctness', 'readability', 'comments', 'efficiency', 'docstring', 'efficiency', 'robustness', 'docstring', 'comments', 'type_hints']",0.512,13,1 failed in 0.04s,1102,1102,42,2025-12-01 08:54:40
HumanEval/17,adw_weighted_v4_teaching,Qwen/Qwen2.5-Coder-0.5B-Instruct,0,0,none,"['correctness', 'correctness', 'correctness', 'edge_cases', 'edge_cases', 'edge_cases', 'efficiency', 'robustness', 'docstring', 'security', 'docstring', 'comments', 'docstring']",0.655,13,1 error in 0.11s,1202,1202,42,2025-12-01 08:54:52
HumanEval/18,adw_weighted_v4_teaching,Qwen/Qwen2.5-Coder-0.5B-Instruct,1,0,none,"['correctness', 'readability', 'correctness', 'correctness', 'correctness', 'correctness', 'efficiency', 'robustness', 'security', 'efficiency', 'docstring', 'comments', 'docstring']",0.615,13,,1102,1101,42,2025-12-01 08:54:58
HumanEval/19,adw_weighted_v4_teaching,Qwen/Qwen2.5-Coder-0.5B-Instruct,0,1,rename_function,"['correctness', 'correctness', 'readability', 'correctness', 'correctness', 'edge_cases', 'efficiency', 'robustness', 'robustness', 'efficiency']",0.748,10,1 failed in 0.04s,1102,1101,42,2025-12-01 08:55:07
HumanEval/2,adw_weighted_v4_teaching,Qwen/Qwen2.5-Coder-0.5B-Instruct,1,0,none,"['correctness', 'correctness', 'correctness', 'readability', 'edge_cases', 'correctness', 'efficiency', 'security', 'robustness', 'security', 'docstring', 'comments', 'comments']",0.571,13,,1102,1102,42,2025-12-01 08:55:15
HumanEval/20,adw_weighted_v4_teaching,Qwen/Qwen2.5-Coder-0.5B-Instruct,0,1,remove_docstring,"['correctness', 'correctness', 'correctness', 'readability', 'edge_cases', 'readability', 'efficiency', 'robustness', 'efficiency', 'security', 'docstring', 'comments', 'docstring']",0.591,13,1 error in 0.11s,1202,1202,42,2025-12-01 08:55:24
HumanEval/21,adw_weighted_v4_teaching,Qwen/Qwen2.5-Coder-0.5B-Instruct,1,0,none,"['correctness', 'correctness', 'edge_cases', 'edge_cases', 'correctness', 'readability', 'efficiency', 'robustness', 'efficiency', 'security', 'docstring', 'comments', 'docstring']",0.632,13,,1102,1101,42,2025-12-01 08:55:33
HumanEval/22,adw_weighted_v4_teaching,Qwen/Qwen2.5-Coder-0.5B-Instruct,1,0,none,"['correctness', 'edge_cases', 'correctness', 'readability', 'correctness', 'readability', 'efficiency', 'robustness', 'type_hints', 'type_hints', 'docstring', 'comments', 'type_hints']",0.478,13,,1102,1102,42,2025-12-01 08:55:41
HumanEval/23,adw_weighted_v4_teaching,Qwen/Qwen2.5-Coder-0.5B-Instruct,1,1,rename_function,"['correctness', 'correctness', 'comments', 'correctness', 'edge_cases', 'edge_cases', 'efficiency', 'robustness', 'security', 'security', 'docstring', 'comments', 'docstring']",0.59,13,,1102,1101,42,2025-12-01 08:55:49
HumanEval/24,adw_weighted_v4_teaching,Qwen/Qwen2.5-Coder-0.5B-Instruct,0,0,none,"['correctness', 'correctness', 'comments', 'correctness', 'correctness', 'comments', 'efficiency', 'robustness', 'docstring', 'security', 'docstring', 'comments', 'docstring']",0.543,13,1 failed in 0.04s,1102,1102,42,2025-12-01 08:55:59
HumanEval/25,adw_weighted_v4_teaching,Qwen/Qwen2.5-Coder-0.5B-Instruct,0,0,none,"['correctness', 'correctness', 'readability', 'correctness', 'correctness', 'edge_cases', 'efficiency', 'robustness', 'efficiency', 'security', 'docstring', 'comments', 'comments']",0.639,13,1 failed in 0.04s,1102,1102,42,2025-12-01 08:56:11
HumanEval/26,adw_weighted_v4_teaching,Qwen/Qwen2.5-Coder-0.5B-Instruct,1,1,force_print_return,"['correctness', 'edge_cases', 'correctness', 'correctness', 'readability', 'edge_cases', 'efficiency', 'type_hints', 'docstring', 'robustness', 'docstring', 'comments', 'type_hints']",0.532,13,,1102,1102,42,2025-12-01 08:56:20
HumanEval/27,adw_weighted_v4_teaching,Qwen/Qwen2.5-Coder-0.5B-Instruct,0,0,none,"['correctness', 'edge_cases', 'correctness', 'correctness', 'correctness', 'correctness', 'efficiency', 'type_hints', 'security', 'security', 'docstring', 'comments', 'comments']",0.618,13,1 error in 0.15s,1202,1202,42,2025-12-01 08:56:28
HumanEval/28,adw_weighted_v4_teaching,Qwen/Qwen2.5-Coder-0.5B-Instruct,1,1,drop_edge_cases,"['correctness', 'correctness', 'correctness', 'correctness', 'edge_cases', 'edge_cases', 'efficiency', 'security', 'efficiency', 'efficiency', 'docstring', 'comments', 'docstring']",0.614,13,,1102,1102,42,2025-12-01 08:56:34
HumanEval/29,adw_weighted_v4_teaching,Qwen/Qwen2.5-Coder-0.5B-Instruct,1,1,remove_docstring,"['correctness', 'correctness', 'correctness', 'readability', 'correctness', 'edge_cases', 'efficiency', 'robustness', 'efficiency', 'type_hints', 'docstring', 'comments', 'type_hints']",0.577,13,,1102,1102,42,2025-12-01 08:56:41
HumanEval/3,adw_weighted_v4_teaching,Qwen/Qwen2.5-Coder-0.5B-Instruct,1,1,no_return,"['correctness', 'edge_cases', 'correctness', 'readability', 'correctness', 'edge_cases', 'efficiency', 'robustness', 'efficiency', 'type_hints', 'docstring', 'comments', 'docstring']",0.612,13,,1102,1101,42,2025-12-01 08:56:50
HumanEval/30,adw_weighted_v4_teaching,Qwen/Qwen2.5-Coder-0.5B-Instruct,1,0,none,"['correctness', 'correctness', 'readability', 'correctness', 'correctness', 'correctness', 'efficiency', 'robustness', 'docstring', 'security', 'docstring', 'comments', 'comments']",0.609,13,,1102,1101,42,2025-12-01 08:56:59
HumanEval/31,adw_weighted_v4_teaching,Qwen/Qwen2.5-Coder-0.5B-Instruct,1,0,none,"['correctness', 'correctness', 'correctness', 'edge_cases', 'edge_cases', 'correctness', 'efficiency', 'robustness', 'security', 'docstring', 'docstring', 'docstring', 'comments']",0.64,13,,1102,1102,42,2025-12-01 08:57:11
HumanEval/32,adw_weighted_v4_teaching,Qwen/Qwen2.5-Coder-0.5B-Instruct,0,0,none,"['correctness', 'correctness', 'comments', 'readability', 'edge_cases', 'correctness', 'efficiency', 'robustness', 'security', 'type_hints', 'docstring', 'comments', 'docstring']",0.553,13,1 error in 0.11s,1202,1201,42,2025-12-01 08:57:25
HumanEval/33,adw_weighted_v4_teaching,Qwen/Qwen2.5-Coder-0.5B-Instruct,0,1,force_print_return,"['correctness', 'correctness', 'edge_cases', 'correctness', 'edge_cases', 'comments', 'efficiency', 'type_hints', 'efficiency', 'efficiency', 'docstring', 'comments', 'docstring']",0.541,13,1 error in 0.16s,1202,1202,42,2025-12-01 08:57:34
HumanEval/34,adw_weighted_v4_teaching,Qwen/Qwen2.5-Coder-0.5B-Instruct,1,1,rename_function,"['correctness', 'correctness', 'correctness', 'readability', 'readability', 'edge_cases', 'efficiency', 'robustness', 'robustness', 'robustness', 'docstring', 'comments', 'type_hints']",0.562,13,,1102,1101,42,2025-12-01 08:57:40
HumanEval/35,adw_weighted_v4_teaching,Qwen/Qwen2.5-Coder-0.5B-Instruct,1,0,none,"['correctness', 'correctness', 'comments', 'correctness', 'edge_cases', 'comments', 'efficiency', 'robustness', 'efficiency', 'efficiency', 'docstring', 'docstring', 'comments']",0.517,13,,1102,1101,42,2025-12-01 08:57:49
HumanEval/36,adw_weighted_v4_teaching,Qwen/Qwen2.5-Coder-0.5B-Instruct,0,0,none,"['correctness', 'correctness', 'correctness', 'edge_cases', 'edge_cases', 'correctness', 'efficiency', 'efficiency', 'robustness', 'efficiency', 'docstring', 'comments', 'docstring']",0.622,13,1 failed in 0.04s,1102,1102,42,2025-12-01 08:57:57
HumanEval/37,adw_weighted_v4_teaching,Qwen/Qwen2.5-Coder-0.5B-Instruct,0,1,force_print_return,"['correctness', 'correctness', 'correctness', 'edge_cases', 'comments', 'correctness', 'efficiency', 'robustness', 'docstring', 'robustness']",0.638,10,1 failed in 0.14s,1203,1202,42,2025-12-01 08:58:06
HumanEval/38,adw_weighted_v4_teaching,Qwen/Qwen2.5-Coder-0.5B-Instruct,0,0,none,"['correctness', 'correctness', 'correctness', 'edge_cases', 'edge_cases', 'correctness', 'efficiency', 'robustness', 'efficiency', 'security', 'docstring', 'comments', 'type_hints']",0.639,13,1 error in 0.15s,1202,1202,42,2025-12-01 08:58:17
HumanEval/39,adw_weighted_v4_teaching,Qwen/Qwen2.5-Coder-0.5B-Instruct,0,0,none,"['correctness', 'correctness', 'comments', 'edge_cases', 'edge_cases', 'correctness', 'efficiency', 'type_hints', 'robustness', 'security', 'docstring', 'comments', 'comments']",0.557,13,1 failed in 0.04s,1102,1102,42,2025-12-01 08:58:27
HumanEval/4,adw_weighted_v4_teaching,Qwen/Qwen2.5-Coder-0.5B-Instruct,1,1,off_by_one,"['correctness', 'correctness', 'correctness', 'readability', 'correctness', 'edge_cases', 'efficiency', 'robustness', 'security', 'security', 'docstring', 'comments', 'docstring']",0.631,13,,1102,1101,42,2025-12-01 08:58:36
HumanEval/40,adw_weighted_v4_teaching,Qwen/Qwen2.5-Coder-0.5B-Instruct,0,0,none,"['correctness', 'correctness', 'correctness', 'edge_cases', 'edge_cases', 'edge_cases', 'efficiency', 'robustness', 'efficiency', 'security', 'docstring', 'comments', 'docstring']",0.571,13,1 failed in 0.04s,1102,1101,42,2025-12-01 08:58:46
HumanEval/41,adw_weighted_v4_teaching,Qwen/Qwen2.5-Coder-0.5B-Instruct,0,1,no_return,"['correctness', 'comments', 'comments', 'edge_cases', 'correctness', 'correctness', 'efficiency', 'efficiency', 'type_hints', 'robustness', 'docstring', 'comments', 'docstring']",0.489,13,1 failed in 0.05s,1102,1102,42,2025-12-01 08:58:55
HumanEval/42,adw_weighted_v4_teaching,Qwen/Qwen2.5-Coder-0.5B-Instruct,1,0,none,"['correctness', 'correctness', 'correctness', 'edge_cases', 'edge_cases', 'readability', 'efficiency', 'robustness', 'security', 'security', 'docstring', 'comments', 'comments']",0.568,13,,1102,1102,42,2025-12-01 08:59:04
HumanEval/43,adw_weighted_v4_teaching,Qwen/Qwen2.5-Coder-0.5B-Instruct,1,0,none,"['correctness', 'correctness', 'readability', 'correctness', 'edge_cases', 'correctness', 'efficiency', 'efficiency', 'security', 'security', 'docstring', 'comments', 'docstring']",0.583,13,,1102,1102,42,2025-12-01 08:59:18
HumanEval/44,adw_weighted_v4_teaching,Qwen/Qwen2.5-Coder-0.5B-Instruct,1,0,none,"['correctness', 'correctness', 'correctness', 'correctness', 'edge_cases', 'edge_cases', 'efficiency', 'security', 'robustness', 'docstring', 'docstring', 'comments', 'comments']",0.564,13,,1102,1101,42,2025-12-01 08:59:29
HumanEval/45,adw_weighted_v4_teaching,Qwen/Qwen2.5-Coder-0.5B-Instruct,0,0,none,"['correctness', 'edge_cases', 'readability', 'correctness', 'comments', 'readability', 'efficiency', 'docstring', 'robustness', 'security', 'docstring', 'comments', 'comments']",0.534,13,1 error in 0.12s,1202,1202,42,2025-12-01 08:59:40
HumanEval/46,adw_weighted_v4_teaching,Qwen/Qwen2.5-Coder-0.5B-Instruct,0,1,drop_edge_cases,"['correctness', 'readability', 'correctness', 'correctness', 'correctness', 'correctness', 'efficiency', 'robustness', 'docstring', 'security', 'docstring', 'comments', 'docstring']",0.609,13,1 error in 0.16s,1202,1201,42,2025-12-01 08:59:50
HumanEval/47,adw_weighted_v4_teaching,Qwen/Qwen2.5-Coder-0.5B-Instruct,1,0,none,"['correctness', 'correctness', 'readability', 'readability', 'readability', 'edge_cases', 'efficiency', 'efficiency', 'robustness', 'robustness', 'docstring', 'comments', 'docstring']",0.594,13,,1102,1101,42,2025-12-01 09:00:00
HumanEval/48,adw_weighted_v4_teaching,Qwen/Qwen2.5-Coder-0.5B-Instruct,1,1,force_print_return,"['correctness', 'correctness', 'correctness', 'correctness', 'correctness', 'readability', 'efficiency', 'efficiency', 'docstring', 'docstring', 'docstring']",0.615,11,,1102,1101,42,2025-12-01 09:00:11
HumanEval/49,adw_weighted_v4_teaching,Qwen/Qwen2.5-Coder-0.5B-Instruct,0,0,none,"['correctness', 'edge_cases', 'correctness', 'correctness', 'correctness', 'comments', 'efficiency', 'efficiency', 'security', 'robustness', 'docstring', 'type_hints', 'type_hints']",0.617,13,1 failed in 0.04s,1102,1102,42,2025-12-01 09:00:20
HumanEval/5,adw_weighted_v4_teaching,Qwen/Qwen2.5-Coder-0.5B-Instruct,0,1,force_print_return,"['correctness', 'edge_cases', 'correctness', 'correctness', 'edge_cases', 'edge_cases', 'efficiency', 'docstring', 'security', 'robustness', 'docstring', 'comments', 'docstring']",0.648,13,1 failed in 0.04s,1102,1102,42,2025-12-01 09:00:29
HumanEval/50,adw_weighted_v4_teaching,Qwen/Qwen2.5-Coder-0.5B-Instruct,0,0,none,"['correctness', 'correctness', 'correctness', 'readability', 'edge_cases', 'edge_cases', 'efficiency', 'docstring', 'security', 'efficiency', 'docstring', 'comments', 'type_hints']",0.595,13,1 failed in 0.04s,1102,1102,42,2025-12-01 09:00:44
HumanEval/51,adw_weighted_v4_teaching,Qwen/Qwen2.5-Coder-0.5B-Instruct,0,1,type_cast_trap,"['correctness', 'readability', 'readability', 'correctness', 'readability', 'readability', 'efficiency', 'robustness', 'security', 'security', 'docstring', 'comments', 'comments']",0.546,13,1 failed in 0.04s,1102,1102,42,2025-12-01 09:00:54
HumanEval/52,adw_weighted_v4_teaching,Qwen/Qwen2.5-Coder-0.5B-Instruct,0,0,none,"['correctness', 'correctness', 'comments', 'correctness', 'edge_cases', 'correctness', 'efficiency', 'docstring', 'security', 'robustness', 'docstring', 'comments', 'comments']",0.52,13,1 failed in 0.04s,1102,1102,42,2025-12-01 09:00:59
HumanEval/53,adw_weighted_v4_teaching,Qwen/Qwen2.5-Coder-0.5B-Instruct,1,1,no_return,"['correctness', 'correctness', 'correctness', 'readability', 'readability', 'comments', 'efficiency', 'security', 'efficiency', 'robustness']",0.597,10,,1102,1102,42,2025-12-01 09:01:06
HumanEval/54,adw_weighted_v4_teaching,Qwen/Qwen2.5-Coder-0.5B-Instruct,1,1,off_by_one,"['correctness', 'comments', 'edge_cases', 'correctness', 'edge_cases', 'correctness', 'efficiency', 'efficiency', 'efficiency', 'efficiency', 'docstring', 'comments', 'comments']",0.506,13,,1102,1101,42,2025-12-01 09:01:16
HumanEval/55,adw_weighted_v4_teaching,Qwen/Qwen2.5-Coder-0.5B-Instruct,0,0,none,"['correctness', 'correctness', 'correctness', 'readability', 'correctness', 'edge_cases', 'efficiency', 'security', 'robustness', 'security', 'docstring', 'type_hints', 'type_hints']",0.595,13,1 failed in 0.04s,1102,1101,42,2025-12-01 09:01:23
HumanEval/56,adw_weighted_v4_teaching,Qwen/Qwen2.5-Coder-0.5B-Instruct,0,0,none,"['correctness', 'correctness', 'correctness', 'comments', 'correctness', 'edge_cases', 'efficiency', 'efficiency', 'robustness', 'docstring', 'docstring', 'comments', 'docstring']",0.579,13,1 error in 0.11s,1202,1202,42,2025-12-01 09:01:38
HumanEval/57,adw_weighted_v4_teaching,Qwen/Qwen2.5-Coder-0.5B-Instruct,0,1,off_by_one,"['correctness', 'correctness', 'edge_cases', 'correctness', 'edge_cases', 'correctness', 'efficiency', 'docstring', 'robustness', 'security', 'docstring', 'type_hints']",0.697,12,1 failed in 0.04s,1102,1102,42,2025-12-01 09:01:47
HumanEval/58,adw_weighted_v4_teaching,Qwen/Qwen2.5-Coder-0.5B-Instruct,1,0,none,"['correctness', 'correctness', 'correctness', 'edge_cases', 'correctness', 'edge_cases', 'efficiency', 'security', 'security', 'efficiency', 'docstring', 'comments', 'comments']",0.658,13,,1102,1102,42,2025-12-01 09:01:57
HumanEval/59,adw_weighted_v4_teaching,Qwen/Qwen2.5-Coder-0.5B-Instruct,0,0,none,"['correctness', 'correctness', 'correctness', 'readability', 'edge_cases', 'readability', 'efficiency', 'robustness', 'security', 'security', 'docstring', 'comments', 'docstring']",0.573,13,1 failed in 0.04s,1102,1102,42,2025-12-01 09:02:08
HumanEval/6,adw_weighted_v4_teaching,Qwen/Qwen2.5-Coder-0.5B-Instruct,0,1,off_by_one,"['correctness', 'readability', 'edge_cases', 'correctness', 'edge_cases', 'readability', 'efficiency', 'robustness', 'security', 'security', 'docstring', 'comments', 'comments']",0.572,13,1 error in 0.15s,1202,1202,42,2025-12-01 09:02:17
HumanEval/60,adw_weighted_v4_teaching,Qwen/Qwen2.5-Coder-0.5B-Instruct,0,1,drop_edge_cases,"['correctness', 'correctness', 'correctness', 'edge_cases', 'comments', 'edge_cases', 'efficiency', 'efficiency', 'robustness', 'security', 'docstring', 'comments', 'docstring']",0.617,13,1 error in 0.16s,1202,1202,42,2025-12-01 09:02:27
HumanEval/61,adw_weighted_v4_teaching,Qwen/Qwen2.5-Coder-0.5B-Instruct,0,0,none,"['correctness', 'correctness', 'edge_cases', 'correctness', 'correctness', 'correctness', 'efficiency', 'docstring', 'robustness', 'type_hints', 'docstring', 'comments', 'type_hints']",0.553,13,1 failed in 0.04s,1102,1101,42,2025-12-01 09:02:39
HumanEval/62,adw_weighted_v4_teaching,Qwen/Qwen2.5-Coder-0.5B-Instruct,0,0,none,"['correctness', 'comments', 'correctness', 'correctness', 'edge_cases', 'edge_cases', 'efficiency', 'security', 'security', 'robustness', 'docstring', 'docstring', 'docstring']",0.569,13,1 failed in 0.04s,1102,1102,42,2025-12-01 09:02:49
HumanEval/63,adw_weighted_v4_teaching,Qwen/Qwen2.5-Coder-0.5B-Instruct,0,1,no_return,"['correctness', 'correctness', 'correctness', 'edge_cases', 'readability', 'readability', 'efficiency', 'robustness', 'security', 'type_hints', 'docstring']",0.649,11,1 failed in 0.04s,1102,1101,42,2025-12-01 09:02:58
HumanEval/64,adw_weighted_v4_teaching,Qwen/Qwen2.5-Coder-0.5B-Instruct,0,0,none,"['correctness', 'readability', 'correctness', 'correctness', 'edge_cases', 'edge_cases', 'efficiency', 'docstring', 'robustness', 'security', 'docstring', 'comments', 'comments']",0.575,13,1 failed in 0.04s,1102,1102,42,2025-12-01 09:03:10
HumanEval/65,adw_weighted_v4_teaching,Qwen/Qwen2.5-Coder-0.5B-Instruct,0,0,none,"['correctness', 'correctness', 'edge_cases', 'correctness', 'comments', 'correctness', 'efficiency', 'robustness', 'robustness', 'docstring', 'docstring', 'docstring', 'comments']",0.56,13,1 failed in 0.04s,1102,1102,42,2025-12-01 09:03:22
HumanEval/66,adw_weighted_v4_teaching,Qwen/Qwen2.5-Coder-0.5B-Instruct,1,0,none,"['correctness', 'correctness', 'edge_cases', 'correctness', 'correctness', 'edge_cases', 'efficiency', 'robustness', 'security', 'security', 'docstring', 'comments', 'comments']",0.635,13,,1102,1102,42,2025-12-01 09:03:32
HumanEval/67,adw_weighted_v4_teaching,Qwen/Qwen2.5-Coder-0.5B-Instruct,0,1,force_print_return,"['correctness', 'correctness', 'correctness', 'correctness', 'edge_cases', 'edge_cases', 'efficiency', 'robustness', 'robustness', 'efficiency', 'docstring', 'type_hints', 'type_hints']",0.678,13,1 error in 0.16s,1302,1302,42,2025-12-01 09:03:41
HumanEval/68,adw_weighted_v4_teaching,Qwen/Qwen2.5-Coder-0.5B-Instruct,0,0,none,"['correctness', 'readability', 'correctness', 'correctness', 'edge_cases', 'correctness', 'efficiency', 'security', 'robustness', 'type_hints', 'docstring', 'type_hints', 'comments']",0.575,13,1 failed in 0.04s,1102,1102,42,2025-12-01 09:03:59
HumanEval/69,adw_weighted_v4_teaching,Qwen/Qwen2.5-Coder-0.5B-Instruct,0,1,remove_docstring,"['correctness', 'correctness', 'correctness', 'correctness', 'edge_cases', 'correctness', 'efficiency', 'security', 'security', 'robustness', 'docstring']",0.705,11,1 failed in 0.05s,1102,1102,42,2025-12-01 09:04:08
HumanEval/7,adw_weighted_v4_teaching,Qwen/Qwen2.5-Coder-0.5B-Instruct,1,0,none,"['correctness', 'correctness', 'correctness', 'correctness', 'edge_cases', 'edge_cases', 'efficiency', 'efficiency', 'docstring', 'efficiency', 'docstring', 'comments', 'docstring']",0.608,13,,1102,1102,42,2025-12-01 09:04:16
HumanEval/70,adw_weighted_v4_teaching,Qwen/Qwen2.5-Coder-0.5B-Instruct,1,0,none,"['correctness', 'correctness', 'correctness', 'comments', 'correctness', 'readability', 'efficiency', 'docstring', 'security', 'efficiency', 'docstring', 'comments', 'docstring']",0.512,13,,1102,1102,42,2025-12-01 09:04:27
HumanEval/71,adw_weighted_v4_teaching,Qwen/Qwen2.5-Coder-0.5B-Instruct,0,0,none,"['correctness', 'correctness', 'correctness', 'readability', 'correctness', 'comments', 'efficiency', 'robustness', 'efficiency', 'security', 'docstring', 'comments', 'docstring']",0.563,13,1 failed in 0.04s,1102,1102,42,2025-12-01 09:04:37
HumanEval/72,adw_weighted_v4_teaching,Qwen/Qwen2.5-Coder-0.5B-Instruct,1,0,none,"['correctness', 'correctness', 'edge_cases', 'edge_cases', 'correctness', 'edge_cases', 'efficiency', 'robustness', 'efficiency', 'security', 'docstring', 'type_hints', 'comments']",0.604,13,,1102,1102,42,2025-12-01 09:04:55
HumanEval/73,adw_weighted_v4_teaching,Qwen/Qwen2.5-Coder-0.5B-Instruct,0,0,none,"['correctness', 'edge_cases', 'edge_cases', 'correctness', 'edge_cases', 'correctness', 'efficiency', 'security', 'efficiency', 'robustness', 'docstring', 'comments', 'comments']",0.592,13,1 failed in 0.04s,1102,1102,42,2025-12-01 09:05:06
HumanEval/74,adw_weighted_v4_teaching,Qwen/Qwen2.5-Coder-0.5B-Instruct,0,0,none,"['correctness', 'correctness', 'correctness', 'correctness', 'edge_cases', 'edge_cases', 'efficiency', 'robustness', 'security', 'docstring', 'docstring', 'comments', 'comments']",0.633,13,1 failed in 0.05s,1102,1101,42,2025-12-01 09:05:18
HumanEval/75,adw_weighted_v4_teaching,Qwen/Qwen2.5-Coder-0.5B-Instruct,0,0,none,"['correctness', 'correctness', 'correctness', 'correctness', 'correctness', 'comments', 'efficiency', 'robustness', 'efficiency', 'security', 'docstring', 'comments', 'docstring']",0.586,13,1 error in 0.16s,1202,1201,42,2025-12-01 09:05:36
HumanEval/76,adw_weighted_v4_teaching,Qwen/Qwen2.5-Coder-0.5B-Instruct,0,1,type_cast_trap,"['correctness', 'correctness', 'correctness', 'correctness', 'correctness', 'comments', 'efficiency', 'robustness', 'security', 'security', 'docstring', 'comments', 'docstring']",0.603,13,1 failed in 0.04s,1102,1102,42,2025-12-01 09:05:45
HumanEval/77,adw_weighted_v4_teaching,Qwen/Qwen2.5-Coder-0.5B-Instruct,0,1,force_print_return,"['correctness', 'correctness', 'correctness', 'correctness', 'readability', 'edge_cases', 'efficiency', 'robustness', 'robustness', 'type_hints', 'docstring']",0.685,11,1 failed in 0.04s,1102,1102,42,2025-12-01 09:05:54
HumanEval/78,adw_weighted_v4_teaching,Qwen/Qwen2.5-Coder-0.5B-Instruct,0,0,none,"['correctness', 'correctness', 'correctness', 'correctness', 'edge_cases', 'correctness', 'efficiency', 'security', 'efficiency', 'robustness', 'docstring', 'comments', 'type_hints']",0.628,13,1 failed in 0.04s,1102,1101,42,2025-12-01 09:06:11
HumanEval/79,adw_weighted_v4_teaching,Qwen/Qwen2.5-Coder-0.5B-Instruct,0,0,none,"['correctness', 'readability', 'edge_cases', 'readability', 'readability', 'correctness', 'efficiency', 'robustness', 'security', 'docstring', 'docstring', 'comments', 'type_hints']",0.519,13,1 failed in 0.04s,1102,1102,42,2025-12-01 09:06:21
HumanEval/8,adw_weighted_v4_teaching,Qwen/Qwen2.5-Coder-0.5B-Instruct,0,1,type_cast_trap,"['correctness', 'edge_cases', 'correctness', 'correctness', 'readability', 'edge_cases', 'efficiency', 'security', 'robustness', 'efficiency', 'docstring', 'comments', 'comments']",0.606,13,1 error in 0.11s,1202,1202,42,2025-12-01 09:06:30
HumanEval/80,adw_weighted_v4_teaching,Qwen/Qwen2.5-Coder-0.5B-Instruct,1,0,none,"['correctness', 'correctness', 'correctness', 'edge_cases', 'edge_cases', 'readability', 'efficiency', 'robustness', 'security', 'security', 'docstring', 'comments', 'docstring']",0.623,13,,1102,1102,42,2025-12-01 09:06:41
HumanEval/81,adw_weighted_v4_teaching,Qwen/Qwen2.5-Coder-0.5B-Instruct,0,0,none,"['correctness', 'correctness', 'correctness', 'edge_cases', 'edge_cases', 'readability', 'efficiency', 'robustness', 'robustness', 'security', 'docstring', 'comments', 'docstring']",0.647,13,1 failed in 0.04s,1102,1101,42,2025-12-01 09:06:59
HumanEval/82,adw_weighted_v4_teaching,Qwen/Qwen2.5-Coder-0.5B-Instruct,1,0,none,"['correctness', 'correctness', 'correctness', 'edge_cases', 'edge_cases', 'correctness', 'efficiency', 'robustness', 'security', 'security', 'docstring', 'comments', 'docstring']",0.655,13,,1102,1101,42,2025-12-01 09:07:10
HumanEval/83,adw_weighted_v4_teaching,Qwen/Qwen2.5-Coder-0.5B-Instruct,0,1,drop_edge_cases,"['correctness', 'edge_cases', 'edge_cases', 'correctness', 'correctness', 'edge_cases', 'efficiency', 'robustness', 'docstring', 'security', 'docstring', 'comments', 'docstring']",0.623,13,1 error in 0.16s,1202,1202,42,2025-12-01 09:07:19
HumanEval/84,adw_weighted_v4_teaching,Qwen/Qwen2.5-Coder-0.5B-Instruct,1,0,none,"['correctness', 'correctness', 'correctness', 'correctness', 'correctness', 'edge_cases', 'efficiency', 'robustness', 'security', 'docstring', 'docstring', 'docstring', 'comments']",0.618,13,,1102,1102,42,2025-12-01 09:07:28
HumanEval/85,adw_weighted_v4_teaching,Qwen/Qwen2.5-Coder-0.5B-Instruct,1,1,remove_docstring,"['correctness', 'correctness', 'correctness', 'readability', 'correctness', 'edge_cases', 'efficiency', 'docstring', 'efficiency', 'robustness', 'docstring', 'comments', 'type_hints']",0.604,13,,1102,1102,42,2025-12-01 09:07:35
HumanEval/86,adw_weighted_v4_teaching,Qwen/Qwen2.5-Coder-0.5B-Instruct,0,1,type_cast_trap,"['correctness', 'correctness', 'comments', 'correctness', 'edge_cases', 'edge_cases', 'efficiency', 'docstring', 'robustness', 'docstring', 'docstring', 'type_hints']",0.607,12,1 failed in 0.04s,1102,1101,42,2025-12-01 09:07:45
HumanEval/87,adw_weighted_v4_teaching,Qwen/Qwen2.5-Coder-0.5B-Instruct,0,0,none,"['correctness', 'correctness', 'correctness', 'readability', 'edge_cases', 'readability', 'efficiency', 'security', 'robustness', 'security', 'docstring', 'comments', 'comments']",0.568,13,1 failed in 0.04s,1102,1101,42,2025-12-01 09:07:57
HumanEval/88,adw_weighted_v4_teaching,Qwen/Qwen2.5-Coder-0.5B-Instruct,0,0,none,"['correctness', 'edge_cases', 'correctness', 'correctness', 'comments', 'edge_cases', 'efficiency', 'docstring', 'robustness', 'security', 'docstring', 'comments', 'docstring']",0.554,13,1 failed in 0.04s,1102,1102,42,2025-12-01 09:08:08
HumanEval/89,adw_weighted_v4_teaching,Qwen/Qwen2.5-Coder-0.5B-Instruct,0,1,off_by_one,"['correctness', 'correctness', 'correctness', 'edge_cases', 'edge_cases', 'correctness', 'efficiency', 'robustness', 'robustness', 'security', 'docstring', 'comments', 'comments']",0.649,13,1 failed in 0.04s,1102,1102,42,2025-12-01 09:08:17
HumanEval/9,adw_weighted_v4_teaching,Qwen/Qwen2.5-Coder-0.5B-Instruct,0,1,drop_edge_cases,"['correctness', 'readability', 'correctness', 'readability', 'correctness', 'edge_cases', 'efficiency', 'robustness', 'docstring', 'security', 'docstring', 'docstring', 'comments']",0.592,13,1 error in 0.16s,1202,1202,42,2025-12-01 09:08:26
HumanEval/90,adw_weighted_v4_teaching,Qwen/Qwen2.5-Coder-0.5B-Instruct,1,1,drop_edge_cases,"['correctness', 'correctness', 'comments', 'edge_cases', 'correctness', 'correctness', 'efficiency', 'robustness', 'security', 'security', 'docstring', 'comments', 'type_hints']",0.543,13,,1102,1101,42,2025-12-01 09:08:35
HumanEval/91,adw_weighted_v4_teaching,Qwen/Qwen2.5-Coder-0.5B-Instruct,0,0,none,"['correctness', 'correctness', 'correctness', 'correctness', 'edge_cases', 'edge_cases', 'efficiency', 'docstring', 'robustness', 'security', 'docstring', 'comments', 'docstring']",0.612,13,1 failed in 0.04s,1102,1102,42,2025-12-01 09:08:45
HumanEval/92,adw_weighted_v4_teaching,Qwen/Qwen2.5-Coder-0.5B-Instruct,0,1,wrong_loop,"['correctness', 'readability', 'readability', 'correctness', 'correctness', 'comments', 'efficiency', 'security', 'docstring', 'robustness', 'docstring']",0.61,11,1 error in 0.16s,1203,1202,42,2025-12-01 09:08:55
HumanEval/93,adw_weighted_v4_teaching,Qwen/Qwen2.5-Coder-0.5B-Instruct,0,0,none,"['correctness', 'correctness', 'correctness', 'edge_cases', 'comments', 'edge_cases', 'efficiency', 'security', 'docstring', 'robustness', 'docstring', 'comments', 'docstring']",0.584,13,1 failed in 0.04s,1102,1102,42,2025-12-01 09:09:10
HumanEval/94,adw_weighted_v4_teaching,Qwen/Qwen2.5-Coder-0.5B-Instruct,0,0,none,"['correctness', 'correctness', 'correctness', 'correctness', 'readability', 'readability', 'efficiency', 'security', 'efficiency', 'robustness', 'docstring', 'comments', 'comments']",0.555,13,1 failed in 0.04s,1102,1102,42,2025-12-01 09:09:27
HumanEval/95,adw_weighted_v4_teaching,Qwen/Qwen2.5-Coder-0.5B-Instruct,0,0,none,"['correctness', 'correctness', 'edge_cases', 'correctness', 'correctness', 'correctness', 'efficiency', 'robustness', 'efficiency', 'security', 'docstring', 'docstring', 'comments']",0.605,13,1 failed in 0.04s,1102,1102,42,2025-12-01 09:09:38
HumanEval/96,adw_weighted_v4_teaching,Qwen/Qwen2.5-Coder-0.5B-Instruct,0,0,none,"['correctness', 'comments', 'edge_cases', 'correctness', 'comments', 'correctness', 'efficiency', 'robustness', 'security', 'security', 'docstring', 'comments', 'type_hints']",0.505,13,1 failed in 0.04s,1102,1102,42,2025-12-01 09:09:52
HumanEval/97,adw_weighted_v4_teaching,Qwen/Qwen2.5-Coder-0.5B-Instruct,1,0,none,"['correctness', 'correctness', 'readability', 'readability', 'edge_cases', 'comments', 'efficiency', 'robustness', 'security', 'security', 'docstring', 'docstring', 'comments']",0.524,13,,1102,1101,42,2025-12-01 09:10:01
HumanEval/98,adw_weighted_v4_teaching,Qwen/Qwen2.5-Coder-0.5B-Instruct,1,0,none,"['correctness', 'comments', 'readability', 'correctness', 'correctness', 'edge_cases', 'efficiency', 'robustness', 'security', 'security', 'docstring', 'type_hints', 'comments']",0.555,13,,1102,1101,42,2025-12-01 09:10:12
HumanEval/99,adw_weighted_v4_teaching,Qwen/Qwen2.5-Coder-0.5B-Instruct,0,0,none,"['correctness', 'comments', 'readability', 'correctness', 'readability', 'readability', 'efficiency', 'efficiency', 'robustness', 'efficiency', 'docstring', 'comments', 'docstring']",0.475,13,1 error in 0.11s,1202,1202,42,2025-12-01 09:10:25
